Label,Filename,Path,Source
206,image_1.jpg,dataset\206\image_1.jpg,https://divar.ir/s/tehran/car?q=206
206,image_2.jpg,dataset\206\image_2.jpg,https://divar.ir/s/tehran/car?q=206
206,image_3.jpg,dataset\206\image_3.jpg,https://divar.ir/s/tehran/car?q=206
206,image_4.jpg,dataset\206\image_4.jpg,https://divar.ir/s/tehran/car?q=206
206,image_5.jpg,dataset\206\image_5.jpg,https://divar.ir/s/tehran/car?q=206
206,image_6.jpg,dataset\206\image_6.jpg,https://divar.ir/s/tehran/car?q=206
206,image_7.jpg,dataset\206\image_7.jpg,https://divar.ir/s/tehran/car?q=206
206,image_8.jpg,dataset\206\image_8.jpg,https://divar.ir/s/tehran/car?q=206
206,image_9.jpg,dataset\206\image_9.jpg,https://divar.ir/s/tehran/car?q=206
206,image_10.jpg,dataset\206\image_10.jpg,https://divar.ir/s/tehran/car?q=206
206,image_11.jpg,dataset\206\image_11.jpg,https://divar.ir/s/tehran/car?q=206
206,image_12.jpg,dataset\206\image_12.jpg,https://divar.ir/s/tehran/car?q=206
206,image_13.jpg,dataset\206\image_13.jpg,https://divar.ir/s/tehran/car?q=206
206,image_14.jpg,dataset\206\image_14.jpg,https://divar.ir/s/tehran/car?q=206
206,image_15.jpg,dataset\206\image_15.jpg,https://divar.ir/s/tehran/car?q=206
206,image_16.jpg,dataset\206\image_16.jpg,https://divar.ir/s/tehran/car?q=206
206,image_17.jpg,dataset\206\image_17.jpg,https://divar.ir/s/tehran/car?q=206
206,image_18.jpg,dataset\206\image_18.jpg,https://divar.ir/s/tehran/car?q=206
206,image_19.jpg,dataset\206\image_19.jpg,https://divar.ir/s/tehran/car?q=206
206,image_20.jpg,dataset\206\image_20.jpg,https://divar.ir/s/tehran/car?q=206
206,image_21.jpg,dataset\206\image_21.jpg,https://divar.ir/s/tehran/car?q=206
206,image_22.jpg,dataset\206\image_22.jpg,https://divar.ir/s/tehran/car?q=206
206,image_23.jpg,dataset\206\image_23.jpg,https://divar.ir/s/tehran/car?q=206
206,image_24.jpg,dataset\206\image_24.jpg,https://divar.ir/s/tehran/car?q=206
206,image_25.jpg,dataset\206\image_25.jpg,https://divar.ir/s/tehran/car?q=206
206,image_26.jpg,dataset\206\image_26.jpg,https://divar.ir/s/tehran/car?q=206
206,image_27.jpg,dataset\206\image_27.jpg,https://divar.ir/s/tehran/car?q=206
206,image_28.jpg,dataset\206\image_28.jpg,https://divar.ir/s/tehran/car?q=206
206,image_29.jpg,dataset\206\image_29.jpg,https://divar.ir/s/tehran/car?q=206
206,image_30.jpg,dataset\206\image_30.jpg,https://divar.ir/s/tehran/car?q=206
206,image_31.jpg,dataset\206\image_31.jpg,https://divar.ir/s/tehran/car?q=206
206,image_32.jpg,dataset\206\image_32.jpg,https://divar.ir/s/tehran/car?q=206
206,image_33.jpg,dataset\206\image_33.jpg,https://divar.ir/s/tehran/car?q=206
206,image_34.jpg,dataset\206\image_34.jpg,https://divar.ir/s/tehran/car?q=206
206,image_35.jpg,dataset\206\image_35.jpg,https://divar.ir/s/tehran/car?q=206
206,image_36.jpg,dataset\206\image_36.jpg,https://divar.ir/s/tehran/car?q=206
206,image_37.jpg,dataset\206\image_37.jpg,https://divar.ir/s/tehran/car?q=206
206,image_38.jpg,dataset\206\image_38.jpg,https://divar.ir/s/tehran/car?q=206
206,image_39.jpg,dataset\206\image_39.jpg,https://divar.ir/s/tehran/car?q=206
206,image_40.jpg,dataset\206\image_40.jpg,https://divar.ir/s/tehran/car?q=206
206,image_41.jpg,dataset\206\image_41.jpg,https://divar.ir/s/tehran/car?q=206
206,image_42.jpg,dataset\206\image_42.jpg,https://divar.ir/s/tehran/car?q=206
206,image_43.jpg,dataset\206\image_43.jpg,https://divar.ir/s/tehran/car?q=206
206,image_44.jpg,dataset\206\image_44.jpg,https://divar.ir/s/tehran/car?q=206
206,image_45.jpg,dataset\206\image_45.jpg,https://divar.ir/s/tehran/car?q=206
206,image_46.jpg,dataset\206\image_46.jpg,https://divar.ir/s/tehran/car?q=206
206,image_47.jpg,dataset\206\image_47.jpg,https://divar.ir/s/tehran/car?q=206
206,image_48.jpg,dataset\206\image_48.jpg,https://divar.ir/s/tehran/car?q=206
206,image_49.jpg,dataset\206\image_49.jpg,https://divar.ir/s/tehran/car?q=206
206,image_50.jpg,dataset\206\image_50.jpg,https://divar.ir/s/tehran/car?q=206
206,image_51.jpg,dataset\206\image_51.jpg,https://divar.ir/s/tehran/car?q=206
206,image_52.jpg,dataset\206\image_52.jpg,https://divar.ir/s/tehran/car?q=206
206,image_53.jpg,dataset\206\image_53.jpg,https://divar.ir/s/tehran/car?q=206
206,image_54.jpg,dataset\206\image_54.jpg,https://divar.ir/s/tehran/car?q=206
206,image_55.jpg,dataset\206\image_55.jpg,https://divar.ir/s/tehran/car?q=206
206,image_56.jpg,dataset\206\image_56.jpg,https://divar.ir/s/tehran/car?q=206
206,image_57.jpg,dataset\206\image_57.jpg,https://divar.ir/s/tehran/car?q=206
206,image_58.jpg,dataset\206\image_58.jpg,https://divar.ir/s/tehran/car?q=206
206,image_59.jpg,dataset\206\image_59.jpg,https://divar.ir/s/tehran/car?q=206
206,image_60.jpg,dataset\206\image_60.jpg,https://divar.ir/s/tehran/car?q=206
206,image_61.jpg,dataset\206\image_61.jpg,https://divar.ir/s/tehran/car?q=206
206,image_62.jpg,dataset\206\image_62.jpg,https://divar.ir/s/tehran/car?q=206
206,image_63.jpg,dataset\206\image_63.jpg,https://divar.ir/s/tehran/car?q=206
206,image_64.jpg,dataset\206\image_64.jpg,https://divar.ir/s/tehran/car?q=206
206,image_65.jpg,dataset\206\image_65.jpg,https://divar.ir/s/tehran/car?q=206
206,image_66.jpg,dataset\206\image_66.jpg,https://divar.ir/s/tehran/car?q=206
206,image_67.jpg,dataset\206\image_67.jpg,https://divar.ir/s/tehran/car?q=206
206,image_68.jpg,dataset\206\image_68.jpg,https://divar.ir/s/tehran/car?q=206
206,image_69.jpg,dataset\206\image_69.jpg,https://divar.ir/s/tehran/car?q=206
206,image_70.jpg,dataset\206\image_70.jpg,https://divar.ir/s/tehran/car?q=206
206,image_71.jpg,dataset\206\image_71.jpg,https://divar.ir/s/tehran/car?q=206
206,image_72.jpg,dataset\206\image_72.jpg,https://divar.ir/s/tehran/car?q=206
206,image_73.jpg,dataset\206\image_73.jpg,https://divar.ir/s/tehran/car?q=206
206,image_74.jpg,dataset\206\image_74.jpg,https://divar.ir/s/tehran/car?q=206
206,image_75.jpg,dataset\206\image_75.jpg,https://divar.ir/s/tehran/car?q=206
206,image_76.jpg,dataset\206\image_76.jpg,https://divar.ir/s/tehran/car?q=206
206,image_77.jpg,dataset\206\image_77.jpg,https://divar.ir/s/tehran/car?q=206
206,image_78.jpg,dataset\206\image_78.jpg,https://divar.ir/s/tehran/car?q=206
206,image_79.jpg,dataset\206\image_79.jpg,https://divar.ir/s/tehran/car?q=206
206,image_80.jpg,dataset\206\image_80.jpg,https://divar.ir/s/tehran/car?q=206
206,image_81.jpg,dataset\206\image_81.jpg,https://divar.ir/s/tehran/car?q=206
206,image_82.jpg,dataset\206\image_82.jpg,https://divar.ir/s/tehran/car?q=206
206,image_83.jpg,dataset\206\image_83.jpg,https://divar.ir/s/tehran/car?q=206
206,image_84.jpg,dataset\206\image_84.jpg,https://divar.ir/s/tehran/car?q=206
206,image_85.jpg,dataset\206\image_85.jpg,https://divar.ir/s/tehran/car?q=206
206,image_86.jpg,dataset\206\image_86.jpg,https://divar.ir/s/tehran/car?q=206
206,image_87.jpg,dataset\206\image_87.jpg,https://divar.ir/s/tehran/car?q=206
206,image_88.jpg,dataset\206\image_88.jpg,https://divar.ir/s/tehran/car?q=206
206,image_89.jpg,dataset\206\image_89.jpg,https://divar.ir/s/tehran/car?q=206
206,image_90.jpg,dataset\206\image_90.jpg,https://divar.ir/s/tehran/car?q=206
206,image_91.jpg,dataset\206\image_91.jpg,https://divar.ir/s/tehran/car?q=206
206,image_92.jpg,dataset\206\image_92.jpg,https://divar.ir/s/tehran/car?q=206
206,image_93.jpg,dataset\206\image_93.jpg,https://divar.ir/s/tehran/car?q=206
206,image_94.jpg,dataset\206\image_94.jpg,https://divar.ir/s/tehran/car?q=206
206,image_95.jpg,dataset\206\image_95.jpg,https://divar.ir/s/tehran/car?q=206
206,image_96.jpg,dataset\206\image_96.jpg,https://divar.ir/s/tehran/car?q=206
206,image_97.jpg,dataset\206\image_97.jpg,https://divar.ir/s/tehran/car?q=206
206,image_98.jpg,dataset\206\image_98.jpg,https://divar.ir/s/tehran/car?q=206
206,image_99.jpg,dataset\206\image_99.jpg,https://divar.ir/s/tehran/car?q=206
206,image_100.jpg,dataset\206\image_100.jpg,https://divar.ir/s/tehran/car?q=206
206,image_101.jpg,dataset\206\image_101.jpg,https://divar.ir/s/tehran/car?q=206
206,image_102.jpg,dataset\206\image_102.jpg,https://divar.ir/s/tehran/car?q=206
206,image_103.jpg,dataset\206\image_103.jpg,https://divar.ir/s/tehran/car?q=206
206,image_104.jpg,dataset\206\image_104.jpg,https://divar.ir/s/tehran/car?q=206
206,image_105.jpg,dataset\206\image_105.jpg,https://divar.ir/s/tehran/car?q=206
206,image_106.jpg,dataset\206\image_106.jpg,https://divar.ir/s/tehran/car?q=206
206,image_107.jpg,dataset\206\image_107.jpg,https://divar.ir/s/tehran/car?q=206
206,image_108.jpg,dataset\206\image_108.jpg,https://divar.ir/s/tehran/car?q=206
206,image_109.jpg,dataset\206\image_109.jpg,https://divar.ir/s/tehran/car?q=206
206,image_110.jpg,dataset\206\image_110.jpg,https://divar.ir/s/tehran/car?q=206
206,image_111.jpg,dataset\206\image_111.jpg,https://divar.ir/s/tehran/car?q=206
206,image_112.jpg,dataset\206\image_112.jpg,https://divar.ir/s/tehran/car?q=206
206,image_113.jpg,dataset\206\image_113.jpg,https://divar.ir/s/tehran/car?q=206
206,image_114.jpg,dataset\206\image_114.jpg,https://divar.ir/s/tehran/car?q=206
206,image_115.jpg,dataset\206\image_115.jpg,https://divar.ir/s/tehran/car?q=206
206,image_116.jpg,dataset\206\image_116.jpg,https://divar.ir/s/tehran/car?q=206
206,image_117.jpg,dataset\206\image_117.jpg,https://divar.ir/s/tehran/car?q=206
206,image_118.jpg,dataset\206\image_118.jpg,https://divar.ir/s/tehran/car?q=206
206,image_119.jpg,dataset\206\image_119.jpg,https://divar.ir/s/tehran/car?q=206
206,image_120.jpg,dataset\206\image_120.jpg,https://divar.ir/s/tehran/car?q=206
206,image_121.jpg,dataset\206\image_121.jpg,https://divar.ir/s/tehran/car?q=206
206,image_122.jpg,dataset\206\image_122.jpg,https://divar.ir/s/tehran/car?q=206
206,image_123.jpg,dataset\206\image_123.jpg,https://divar.ir/s/tehran/car?q=206
206,image_124.jpg,dataset\206\image_124.jpg,https://divar.ir/s/tehran/car?q=206
206,image_125.jpg,dataset\206\image_125.jpg,https://divar.ir/s/tehran/car?q=206
206,image_126.jpg,dataset\206\image_126.jpg,https://divar.ir/s/tehran/car?q=206
206,image_127.jpg,dataset\206\image_127.jpg,https://divar.ir/s/tehran/car?q=206
206,image_128.jpg,dataset\206\image_128.jpg,https://divar.ir/s/tehran/car?q=206
206,image_129.jpg,dataset\206\image_129.jpg,https://divar.ir/s/tehran/car?q=206
206,image_130.jpg,dataset\206\image_130.jpg,https://divar.ir/s/tehran/car?q=206
206,image_131.jpg,dataset\206\image_131.jpg,https://divar.ir/s/tehran/car?q=206
206,image_132.jpg,dataset\206\image_132.jpg,https://divar.ir/s/tehran/car?q=206
206,image_133.jpg,dataset\206\image_133.jpg,https://divar.ir/s/tehran/car?q=206
206,image_134.jpg,dataset\206\image_134.jpg,https://divar.ir/s/tehran/car?q=206
206,image_135.jpg,dataset\206\image_135.jpg,https://divar.ir/s/tehran/car?q=206
206,image_136.jpg,dataset\206\image_136.jpg,https://divar.ir/s/tehran/car?q=206
206,image_137.jpg,dataset\206\image_137.jpg,https://divar.ir/s/tehran/car?q=206
206,image_138.jpg,dataset\206\image_138.jpg,https://divar.ir/s/tehran/car?q=206
206,image_139.jpg,dataset\206\image_139.jpg,https://divar.ir/s/tehran/car?q=206
206,image_140.jpg,dataset\206\image_140.jpg,https://divar.ir/s/tehran/car?q=206
206,image_141.jpg,dataset\206\image_141.jpg,https://divar.ir/s/tehran/car?q=206
206,image_142.jpg,dataset\206\image_142.jpg,https://divar.ir/s/tehran/car?q=206
206,image_143.jpg,dataset\206\image_143.jpg,https://divar.ir/s/tehran/car?q=206
206,image_144.jpg,dataset\206\image_144.jpg,https://divar.ir/s/tehran/car?q=206
206,image_145.jpg,dataset\206\image_145.jpg,https://divar.ir/s/tehran/car?q=206
206,image_146.jpg,dataset\206\image_146.jpg,https://divar.ir/s/tehran/car?q=206
206,image_147.jpg,dataset\206\image_147.jpg,https://divar.ir/s/tehran/car?q=206
206,image_148.jpg,dataset\206\image_148.jpg,https://divar.ir/s/tehran/car?q=206
206,image_149.jpg,dataset\206\image_149.jpg,https://divar.ir/s/tehran/car?q=206
206,image_150.jpg,dataset\206\image_150.jpg,https://divar.ir/s/tehran/car?q=206
206,image_151.jpg,dataset\206\image_151.jpg,https://divar.ir/s/tehran/car?q=206
206,image_152.jpg,dataset\206\image_152.jpg,https://divar.ir/s/tehran/car?q=206
206,image_153.jpg,dataset\206\image_153.jpg,https://divar.ir/s/tehran/car?q=206
206,image_154.jpg,dataset\206\image_154.jpg,https://divar.ir/s/tehran/car?q=206
206,image_155.jpg,dataset\206\image_155.jpg,https://divar.ir/s/tehran/car?q=206
206,image_156.jpg,dataset\206\image_156.jpg,https://divar.ir/s/tehran/car?q=206
206,image_157.jpg,dataset\206\image_157.jpg,https://divar.ir/s/tehran/car?q=206
206,image_158.jpg,dataset\206\image_158.jpg,https://divar.ir/s/tehran/car?q=206
206,image_159.jpg,dataset\206\image_159.jpg,https://divar.ir/s/tehran/car?q=206
206,image_160.jpg,dataset\206\image_160.jpg,https://divar.ir/s/tehran/car?q=206
206,image_161.jpg,dataset\206\image_161.jpg,https://divar.ir/s/tehran/car?q=206
206,image_162.jpg,dataset\206\image_162.jpg,https://divar.ir/s/tehran/car?q=206
206,image_163.jpg,dataset\206\image_163.jpg,https://divar.ir/s/tehran/car?q=206
206,image_164.jpg,dataset\206\image_164.jpg,https://divar.ir/s/tehran/car?q=206
206,image_165.jpg,dataset\206\image_165.jpg,https://divar.ir/s/tehran/car?q=206
206,image_166.jpg,dataset\206\image_166.jpg,https://divar.ir/s/tehran/car?q=206
206,image_167.jpg,dataset\206\image_167.jpg,https://divar.ir/s/tehran/car?q=206
206,image_168.jpg,dataset\206\image_168.jpg,https://divar.ir/s/tehran/car?q=206
206,image_169.jpg,dataset\206\image_169.jpg,https://divar.ir/s/tehran/car?q=206
206,image_170.jpg,dataset\206\image_170.jpg,https://divar.ir/s/tehran/car?q=206
206,image_171.jpg,dataset\206\image_171.jpg,https://divar.ir/s/tehran/car?q=206
206,image_172.jpg,dataset\206\image_172.jpg,https://divar.ir/s/tehran/car?q=206
206,image_173.jpg,dataset\206\image_173.jpg,https://divar.ir/s/tehran/car?q=206
206,image_174.jpg,dataset\206\image_174.jpg,https://divar.ir/s/tehran/car?q=206
206,image_175.jpg,dataset\206\image_175.jpg,https://divar.ir/s/tehran/car?q=206
206,image_176.jpg,dataset\206\image_176.jpg,https://divar.ir/s/tehran/car?q=206
206,image_177.jpg,dataset\206\image_177.jpg,https://divar.ir/s/tehran/car?q=206
206,image_178.jpg,dataset\206\image_178.jpg,https://divar.ir/s/tehran/car?q=206
206,image_179.jpg,dataset\206\image_179.jpg,https://divar.ir/s/tehran/car?q=206
206,image_180.jpg,dataset\206\image_180.jpg,https://divar.ir/s/tehran/car?q=206
206,image_181.jpg,dataset\206\image_181.jpg,https://divar.ir/s/tehran/car?q=206
206,image_182.jpg,dataset\206\image_182.jpg,https://divar.ir/s/tehran/car?q=206
206,image_183.jpg,dataset\206\image_183.jpg,https://divar.ir/s/tehran/car?q=206
206,image_184.jpg,dataset\206\image_184.jpg,https://divar.ir/s/tehran/car?q=206
206,image_185.jpg,dataset\206\image_185.jpg,https://divar.ir/s/tehran/car?q=206
206,image_186.jpg,dataset\206\image_186.jpg,https://divar.ir/s/tehran/car?q=206
206,image_187.jpg,dataset\206\image_187.jpg,https://divar.ir/s/tehran/car?q=206
206,image_188.jpg,dataset\206\image_188.jpg,https://divar.ir/s/tehran/car?q=206
206,image_189.jpg,dataset\206\image_189.jpg,https://divar.ir/s/tehran/car?q=206
206,image_190.jpg,dataset\206\image_190.jpg,https://divar.ir/s/tehran/car?q=206
206,image_191.jpg,dataset\206\image_191.jpg,https://divar.ir/s/tehran/car?q=206
206,image_192.jpg,dataset\206\image_192.jpg,https://divar.ir/s/tehran/car?q=206
206,image_193.jpg,dataset\206\image_193.jpg,https://divar.ir/s/tehran/car?q=206
206,image_194.jpg,dataset\206\image_194.jpg,https://divar.ir/s/tehran/car?q=206
206,image_195.jpg,dataset\206\image_195.jpg,https://divar.ir/s/tehran/car?q=206
206,image_196.jpg,dataset\206\image_196.jpg,https://divar.ir/s/tehran/car?q=206
206,image_197.jpg,dataset\206\image_197.jpg,https://divar.ir/s/tehran/car?q=206
206,image_198.jpg,dataset\206\image_198.jpg,https://divar.ir/s/tehran/car?q=206
206,image_199.jpg,dataset\206\image_199.jpg,https://divar.ir/s/tehran/car?q=206
206,image_200.jpg,dataset\206\image_200.jpg,https://divar.ir/s/tehran/car?q=206
206_SD,image_1.jpg,dataset\206_SD\image_1.jpg,https://divar.ir/s/tehran/car?q=206%20sd
206_SD,image_2.jpg,dataset\206_SD\image_2.jpg,https://divar.ir/s/tehran/car?q=206%20sd
206_SD,image_3.jpg,dataset\206_SD\image_3.jpg,https://divar.ir/s/tehran/car?q=206%20sd
206_SD,image_4.jpg,dataset\206_SD\image_4.jpg,https://divar.ir/s/tehran/car?q=206%20sd
206_SD,image_5.jpg,dataset\206_SD\image_5.jpg,https://divar.ir/s/tehran/car?q=206%20sd
206_SD,image_6.jpg,dataset\206_SD\image_6.jpg,https://divar.ir/s/tehran/car?q=206%20sd
206_SD,image_7.jpg,dataset\206_SD\image_7.jpg,https://divar.ir/s/tehran/car?q=206%20sd
206_SD,image_8.jpg,dataset\206_SD\image_8.jpg,https://divar.ir/s/tehran/car?q=206%20sd
206_SD,image_9.jpg,dataset\206_SD\image_9.jpg,https://divar.ir/s/tehran/car?q=206%20sd
206_SD,image_10.jpg,dataset\206_SD\image_10.jpg,https://divar.ir/s/tehran/car?q=206%20sd
206_SD,image_11.jpg,dataset\206_SD\image_11.jpg,https://divar.ir/s/tehran/car?q=206%20sd
206_SD,image_12.jpg,dataset\206_SD\image_12.jpg,https://divar.ir/s/tehran/car?q=206%20sd
206_SD,image_13.jpg,dataset\206_SD\image_13.jpg,https://divar.ir/s/tehran/car?q=206%20sd
206_SD,image_14.jpg,dataset\206_SD\image_14.jpg,https://divar.ir/s/tehran/car?q=206%20sd
206_SD,image_15.jpg,dataset\206_SD\image_15.jpg,https://divar.ir/s/tehran/car?q=206%20sd
206_SD,image_16.jpg,dataset\206_SD\image_16.jpg,https://divar.ir/s/tehran/car?q=206%20sd
206_SD,image_17.jpg,dataset\206_SD\image_17.jpg,https://divar.ir/s/tehran/car?q=206%20sd
206_SD,image_18.jpg,dataset\206_SD\image_18.jpg,https://divar.ir/s/tehran/car?q=206%20sd
206_SD,image_19.jpg,dataset\206_SD\image_19.jpg,https://divar.ir/s/tehran/car?q=206%20sd
206_SD,image_20.jpg,dataset\206_SD\image_20.jpg,https://divar.ir/s/tehran/car?q=206%20sd
206_SD,image_21.jpg,dataset\206_SD\image_21.jpg,https://divar.ir/s/tehran/car?q=206%20sd
206_SD,image_22.jpg,dataset\206_SD\image_22.jpg,https://divar.ir/s/tehran/car?q=206%20sd
206_SD,image_23.jpg,dataset\206_SD\image_23.jpg,https://divar.ir/s/tehran/car?q=206%20sd
206_SD,image_24.jpg,dataset\206_SD\image_24.jpg,https://divar.ir/s/tehran/car?q=206%20sd
206_SD,image_25.jpg,dataset\206_SD\image_25.jpg,https://divar.ir/s/tehran/car?q=206%20sd
206_SD,image_26.jpg,dataset\206_SD\image_26.jpg,https://divar.ir/s/tehran/car?q=206%20sd
206_SD,image_27.jpg,dataset\206_SD\image_27.jpg,https://divar.ir/s/tehran/car?q=206%20sd
206_SD,image_28.jpg,dataset\206_SD\image_28.jpg,https://divar.ir/s/tehran/car?q=206%20sd
206_SD,image_29.jpg,dataset\206_SD\image_29.jpg,https://divar.ir/s/tehran/car?q=206%20sd
206_SD,image_30.jpg,dataset\206_SD\image_30.jpg,https://divar.ir/s/tehran/car?q=206%20sd
206_SD,image_31.jpg,dataset\206_SD\image_31.jpg,https://divar.ir/s/tehran/car?q=206%20sd
206_SD,image_32.jpg,dataset\206_SD\image_32.jpg,https://divar.ir/s/tehran/car?q=206%20sd
206_SD,image_33.jpg,dataset\206_SD\image_33.jpg,https://divar.ir/s/tehran/car?q=206%20sd
206_SD,image_34.jpg,dataset\206_SD\image_34.jpg,https://divar.ir/s/tehran/car?q=206%20sd
206_SD,image_35.jpg,dataset\206_SD\image_35.jpg,https://divar.ir/s/tehran/car?q=206%20sd
206_SD,image_36.jpg,dataset\206_SD\image_36.jpg,https://divar.ir/s/tehran/car?q=206%20sd
206_SD,image_37.jpg,dataset\206_SD\image_37.jpg,https://divar.ir/s/tehran/car?q=206%20sd
206_SD,image_38.jpg,dataset\206_SD\image_38.jpg,https://divar.ir/s/tehran/car?q=206%20sd
206_SD,image_39.jpg,dataset\206_SD\image_39.jpg,https://divar.ir/s/tehran/car?q=206%20sd
206_SD,image_40.jpg,dataset\206_SD\image_40.jpg,https://divar.ir/s/tehran/car?q=206%20sd
206_SD,image_41.jpg,dataset\206_SD\image_41.jpg,https://divar.ir/s/tehran/car?q=206%20sd
206_SD,image_42.jpg,dataset\206_SD\image_42.jpg,https://divar.ir/s/tehran/car?q=206%20sd
206_SD,image_43.jpg,dataset\206_SD\image_43.jpg,https://divar.ir/s/tehran/car?q=206%20sd
206_SD,image_44.jpg,dataset\206_SD\image_44.jpg,https://divar.ir/s/tehran/car?q=206%20sd
206_SD,image_45.jpg,dataset\206_SD\image_45.jpg,https://divar.ir/s/tehran/car?q=206%20sd
206_SD,image_46.jpg,dataset\206_SD\image_46.jpg,https://divar.ir/s/tehran/car?q=206%20sd
206_SD,image_47.jpg,dataset\206_SD\image_47.jpg,https://divar.ir/s/tehran/car?q=206%20sd
206_SD,image_48.jpg,dataset\206_SD\image_48.jpg,https://divar.ir/s/tehran/car?q=206%20sd
206_SD,image_49.jpg,dataset\206_SD\image_49.jpg,https://divar.ir/s/tehran/car?q=206%20sd
206_SD,image_50.jpg,dataset\206_SD\image_50.jpg,https://divar.ir/s/tehran/car?q=206%20sd
206_SD,image_51.jpg,dataset\206_SD\image_51.jpg,https://divar.ir/s/tehran/car?q=206%20sd
206_SD,image_52.jpg,dataset\206_SD\image_52.jpg,https://divar.ir/s/tehran/car?q=206%20sd
206_SD,image_53.jpg,dataset\206_SD\image_53.jpg,https://divar.ir/s/tehran/car?q=206%20sd
206_SD,image_54.jpg,dataset\206_SD\image_54.jpg,https://divar.ir/s/tehran/car?q=206%20sd
206_SD,image_55.jpg,dataset\206_SD\image_55.jpg,https://divar.ir/s/tehran/car?q=206%20sd
206_SD,image_56.jpg,dataset\206_SD\image_56.jpg,https://divar.ir/s/tehran/car?q=206%20sd
206_SD,image_57.jpg,dataset\206_SD\image_57.jpg,https://divar.ir/s/tehran/car?q=206%20sd
206_SD,image_58.jpg,dataset\206_SD\image_58.jpg,https://divar.ir/s/tehran/car?q=206%20sd
206_SD,image_59.jpg,dataset\206_SD\image_59.jpg,https://divar.ir/s/tehran/car?q=206%20sd
206_SD,image_60.jpg,dataset\206_SD\image_60.jpg,https://divar.ir/s/tehran/car?q=206%20sd
206_SD,image_61.jpg,dataset\206_SD\image_61.jpg,https://divar.ir/s/tehran/car?q=206%20sd
206_SD,image_62.jpg,dataset\206_SD\image_62.jpg,https://divar.ir/s/tehran/car?q=206%20sd
206_SD,image_63.jpg,dataset\206_SD\image_63.jpg,https://divar.ir/s/tehran/car?q=206%20sd
206_SD,image_64.jpg,dataset\206_SD\image_64.jpg,https://divar.ir/s/tehran/car?q=206%20sd
206_SD,image_65.jpg,dataset\206_SD\image_65.jpg,https://divar.ir/s/tehran/car?q=206%20sd
206_SD,image_66.jpg,dataset\206_SD\image_66.jpg,https://divar.ir/s/tehran/car?q=206%20sd
206_SD,image_67.jpg,dataset\206_SD\image_67.jpg,https://divar.ir/s/tehran/car?q=206%20sd
206_SD,image_68.jpg,dataset\206_SD\image_68.jpg,https://divar.ir/s/tehran/car?q=206%20sd
206_SD,image_69.jpg,dataset\206_SD\image_69.jpg,https://divar.ir/s/tehran/car?q=206%20sd
206_SD,image_70.jpg,dataset\206_SD\image_70.jpg,https://divar.ir/s/tehran/car?q=206%20sd
206_SD,image_71.jpg,dataset\206_SD\image_71.jpg,https://divar.ir/s/tehran/car?q=206%20sd
206_SD,image_72.jpg,dataset\206_SD\image_72.jpg,https://divar.ir/s/tehran/car?q=206%20sd
206_SD,image_73.jpg,dataset\206_SD\image_73.jpg,https://divar.ir/s/tehran/car?q=206%20sd
206_SD,image_74.jpg,dataset\206_SD\image_74.jpg,https://divar.ir/s/tehran/car?q=206%20sd
206_SD,image_75.jpg,dataset\206_SD\image_75.jpg,https://divar.ir/s/tehran/car?q=206%20sd
206_SD,image_76.jpg,dataset\206_SD\image_76.jpg,https://divar.ir/s/tehran/car?q=206%20sd
206_SD,image_77.jpg,dataset\206_SD\image_77.jpg,https://divar.ir/s/tehran/car?q=206%20sd
206_SD,image_78.jpg,dataset\206_SD\image_78.jpg,https://divar.ir/s/tehran/car?q=206%20sd
206_SD,image_79.jpg,dataset\206_SD\image_79.jpg,https://divar.ir/s/tehran/car?q=206%20sd
206_SD,image_80.jpg,dataset\206_SD\image_80.jpg,https://divar.ir/s/tehran/car?q=206%20sd
206_SD,image_81.jpg,dataset\206_SD\image_81.jpg,https://divar.ir/s/tehran/car?q=206%20sd
206_SD,image_82.jpg,dataset\206_SD\image_82.jpg,https://divar.ir/s/tehran/car?q=206%20sd
206_SD,image_83.jpg,dataset\206_SD\image_83.jpg,https://divar.ir/s/tehran/car?q=206%20sd
206_SD,image_84.jpg,dataset\206_SD\image_84.jpg,https://divar.ir/s/tehran/car?q=206%20sd
206_SD,image_85.jpg,dataset\206_SD\image_85.jpg,https://divar.ir/s/tehran/car?q=206%20sd
206_SD,image_86.jpg,dataset\206_SD\image_86.jpg,https://divar.ir/s/tehran/car?q=206%20sd
206_SD,image_87.jpg,dataset\206_SD\image_87.jpg,https://divar.ir/s/tehran/car?q=206%20sd
206_SD,image_88.jpg,dataset\206_SD\image_88.jpg,https://divar.ir/s/tehran/car?q=206%20sd
206_SD,image_89.jpg,dataset\206_SD\image_89.jpg,https://divar.ir/s/tehran/car?q=206%20sd
206_SD,image_90.jpg,dataset\206_SD\image_90.jpg,https://divar.ir/s/tehran/car?q=206%20sd
206_SD,image_91.jpg,dataset\206_SD\image_91.jpg,https://divar.ir/s/tehran/car?q=206%20sd
206_SD,image_92.jpg,dataset\206_SD\image_92.jpg,https://divar.ir/s/tehran/car?q=206%20sd
206_SD,image_93.jpg,dataset\206_SD\image_93.jpg,https://divar.ir/s/tehran/car?q=206%20sd
206_SD,image_94.jpg,dataset\206_SD\image_94.jpg,https://divar.ir/s/tehran/car?q=206%20sd
206_SD,image_95.jpg,dataset\206_SD\image_95.jpg,https://divar.ir/s/tehran/car?q=206%20sd
206_SD,image_96.jpg,dataset\206_SD\image_96.jpg,https://divar.ir/s/tehran/car?q=206%20sd
206_SD,image_97.jpg,dataset\206_SD\image_97.jpg,https://divar.ir/s/tehran/car?q=206%20sd
206_SD,image_98.jpg,dataset\206_SD\image_98.jpg,https://divar.ir/s/tehran/car?q=206%20sd
206_SD,image_99.jpg,dataset\206_SD\image_99.jpg,https://divar.ir/s/tehran/car?q=206%20sd
206_SD,image_100.jpg,dataset\206_SD\image_100.jpg,https://divar.ir/s/tehran/car?q=206%20sd
206_SD,image_101.jpg,dataset\206_SD\image_101.jpg,https://divar.ir/s/tehran/car?q=206%20sd
206_SD,image_102.jpg,dataset\206_SD\image_102.jpg,https://divar.ir/s/tehran/car?q=206%20sd
206_SD,image_103.jpg,dataset\206_SD\image_103.jpg,https://divar.ir/s/tehran/car?q=206%20sd
206_SD,image_104.jpg,dataset\206_SD\image_104.jpg,https://divar.ir/s/tehran/car?q=206%20sd
206_SD,image_105.jpg,dataset\206_SD\image_105.jpg,https://divar.ir/s/tehran/car?q=206%20sd
206_SD,image_106.jpg,dataset\206_SD\image_106.jpg,https://divar.ir/s/tehran/car?q=206%20sd
206_SD,image_107.jpg,dataset\206_SD\image_107.jpg,https://divar.ir/s/tehran/car?q=206%20sd
206_SD,image_108.jpg,dataset\206_SD\image_108.jpg,https://divar.ir/s/tehran/car?q=206%20sd
206_SD,image_109.jpg,dataset\206_SD\image_109.jpg,https://divar.ir/s/tehran/car?q=206%20sd
206_SD,image_110.jpg,dataset\206_SD\image_110.jpg,https://divar.ir/s/tehran/car?q=206%20sd
206_SD,image_111.jpg,dataset\206_SD\image_111.jpg,https://divar.ir/s/tehran/car?q=206%20sd
206_SD,image_112.jpg,dataset\206_SD\image_112.jpg,https://divar.ir/s/tehran/car?q=206%20sd
206_SD,image_113.jpg,dataset\206_SD\image_113.jpg,https://divar.ir/s/tehran/car?q=206%20sd
206_SD,image_114.jpg,dataset\206_SD\image_114.jpg,https://divar.ir/s/tehran/car?q=206%20sd
206_SD,image_115.jpg,dataset\206_SD\image_115.jpg,https://divar.ir/s/tehran/car?q=206%20sd
206_SD,image_116.jpg,dataset\206_SD\image_116.jpg,https://divar.ir/s/tehran/car?q=206%20sd
206_SD,image_117.jpg,dataset\206_SD\image_117.jpg,https://divar.ir/s/tehran/car?q=206%20sd
206_SD,image_118.jpg,dataset\206_SD\image_118.jpg,https://divar.ir/s/tehran/car?q=206%20sd
206_SD,image_119.jpg,dataset\206_SD\image_119.jpg,https://divar.ir/s/tehran/car?q=206%20sd
206_SD,image_120.jpg,dataset\206_SD\image_120.jpg,https://divar.ir/s/tehran/car?q=206%20sd
206_SD,image_121.jpg,dataset\206_SD\image_121.jpg,https://divar.ir/s/tehran/car?q=206%20sd
206_SD,image_122.jpg,dataset\206_SD\image_122.jpg,https://divar.ir/s/tehran/car?q=206%20sd
206_SD,image_123.jpg,dataset\206_SD\image_123.jpg,https://divar.ir/s/tehran/car?q=206%20sd
206_SD,image_124.jpg,dataset\206_SD\image_124.jpg,https://divar.ir/s/tehran/car?q=206%20sd
206_SD,image_125.jpg,dataset\206_SD\image_125.jpg,https://divar.ir/s/tehran/car?q=206%20sd
206_SD,image_126.jpg,dataset\206_SD\image_126.jpg,https://divar.ir/s/tehran/car?q=206%20sd
206_SD,image_127.jpg,dataset\206_SD\image_127.jpg,https://divar.ir/s/tehran/car?q=206%20sd
206_SD,image_128.jpg,dataset\206_SD\image_128.jpg,https://divar.ir/s/tehran/car?q=206%20sd
206_SD,image_129.jpg,dataset\206_SD\image_129.jpg,https://divar.ir/s/tehran/car?q=206%20sd
206_SD,image_130.jpg,dataset\206_SD\image_130.jpg,https://divar.ir/s/tehran/car?q=206%20sd
206_SD,image_131.jpg,dataset\206_SD\image_131.jpg,https://divar.ir/s/tehran/car?q=206%20sd
206_SD,image_132.jpg,dataset\206_SD\image_132.jpg,https://divar.ir/s/tehran/car?q=206%20sd
206_SD,image_133.jpg,dataset\206_SD\image_133.jpg,https://divar.ir/s/tehran/car?q=206%20sd
206_SD,image_134.jpg,dataset\206_SD\image_134.jpg,https://divar.ir/s/tehran/car?q=206%20sd
206_SD,image_135.jpg,dataset\206_SD\image_135.jpg,https://divar.ir/s/tehran/car?q=206%20sd
206_SD,image_136.jpg,dataset\206_SD\image_136.jpg,https://divar.ir/s/tehran/car?q=206%20sd
206_SD,image_137.jpg,dataset\206_SD\image_137.jpg,https://divar.ir/s/tehran/car?q=206%20sd
206_SD,image_138.jpg,dataset\206_SD\image_138.jpg,https://divar.ir/s/tehran/car?q=206%20sd
206_SD,image_139.jpg,dataset\206_SD\image_139.jpg,https://divar.ir/s/tehran/car?q=206%20sd
206_SD,image_140.jpg,dataset\206_SD\image_140.jpg,https://divar.ir/s/tehran/car?q=206%20sd
206_SD,image_141.jpg,dataset\206_SD\image_141.jpg,https://divar.ir/s/tehran/car?q=206%20sd
206_SD,image_142.jpg,dataset\206_SD\image_142.jpg,https://divar.ir/s/tehran/car?q=206%20sd
206_SD,image_143.jpg,dataset\206_SD\image_143.jpg,https://divar.ir/s/tehran/car?q=206%20sd
206_SD,image_144.jpg,dataset\206_SD\image_144.jpg,https://divar.ir/s/tehran/car?q=206%20sd
206_SD,image_145.jpg,dataset\206_SD\image_145.jpg,https://divar.ir/s/tehran/car?q=206%20sd
206_SD,image_146.jpg,dataset\206_SD\image_146.jpg,https://divar.ir/s/tehran/car?q=206%20sd
206_SD,image_147.jpg,dataset\206_SD\image_147.jpg,https://divar.ir/s/tehran/car?q=206%20sd
206_SD,image_148.jpg,dataset\206_SD\image_148.jpg,https://divar.ir/s/tehran/car?q=206%20sd
206_SD,image_149.jpg,dataset\206_SD\image_149.jpg,https://divar.ir/s/tehran/car?q=206%20sd
206_SD,image_150.jpg,dataset\206_SD\image_150.jpg,https://divar.ir/s/tehran/car?q=206%20sd
206_SD,image_151.jpg,dataset\206_SD\image_151.jpg,https://divar.ir/s/tehran/car?q=206%20sd
206_SD,image_152.jpg,dataset\206_SD\image_152.jpg,https://divar.ir/s/tehran/car?q=206%20sd
206_SD,image_153.jpg,dataset\206_SD\image_153.jpg,https://divar.ir/s/tehran/car?q=206%20sd
206_SD,image_154.jpg,dataset\206_SD\image_154.jpg,https://divar.ir/s/tehran/car?q=206%20sd
206_SD,image_155.jpg,dataset\206_SD\image_155.jpg,https://divar.ir/s/tehran/car?q=206%20sd
206_SD,image_156.jpg,dataset\206_SD\image_156.jpg,https://divar.ir/s/tehran/car?q=206%20sd
206_SD,image_157.jpg,dataset\206_SD\image_157.jpg,https://divar.ir/s/tehran/car?q=206%20sd
206_SD,image_158.jpg,dataset\206_SD\image_158.jpg,https://divar.ir/s/tehran/car?q=206%20sd
206_SD,image_159.jpg,dataset\206_SD\image_159.jpg,https://divar.ir/s/tehran/car?q=206%20sd
206_SD,image_160.jpg,dataset\206_SD\image_160.jpg,https://divar.ir/s/tehran/car?q=206%20sd
206_SD,image_161.jpg,dataset\206_SD\image_161.jpg,https://divar.ir/s/tehran/car?q=206%20sd
206_SD,image_162.jpg,dataset\206_SD\image_162.jpg,https://divar.ir/s/tehran/car?q=206%20sd
206_SD,image_163.jpg,dataset\206_SD\image_163.jpg,https://divar.ir/s/tehran/car?q=206%20sd
206_SD,image_164.jpg,dataset\206_SD\image_164.jpg,https://divar.ir/s/tehran/car?q=206%20sd
206_SD,image_165.jpg,dataset\206_SD\image_165.jpg,https://divar.ir/s/tehran/car?q=206%20sd
206_SD,image_166.jpg,dataset\206_SD\image_166.jpg,https://divar.ir/s/tehran/car?q=206%20sd
206_SD,image_167.jpg,dataset\206_SD\image_167.jpg,https://divar.ir/s/tehran/car?q=206%20sd
206_SD,image_168.jpg,dataset\206_SD\image_168.jpg,https://divar.ir/s/tehran/car?q=206%20sd
206_SD,image_169.jpg,dataset\206_SD\image_169.jpg,https://divar.ir/s/tehran/car?q=206%20sd
206_SD,image_170.jpg,dataset\206_SD\image_170.jpg,https://divar.ir/s/tehran/car?q=206%20sd
206_SD,image_171.jpg,dataset\206_SD\image_171.jpg,https://divar.ir/s/tehran/car?q=206%20sd
206_SD,image_172.jpg,dataset\206_SD\image_172.jpg,https://divar.ir/s/tehran/car?q=206%20sd
206_SD,image_173.jpg,dataset\206_SD\image_173.jpg,https://divar.ir/s/tehran/car?q=206%20sd
206_SD,image_174.jpg,dataset\206_SD\image_174.jpg,https://divar.ir/s/tehran/car?q=206%20sd
206_SD,image_175.jpg,dataset\206_SD\image_175.jpg,https://divar.ir/s/tehran/car?q=206%20sd
206_SD,image_176.jpg,dataset\206_SD\image_176.jpg,https://divar.ir/s/tehran/car?q=206%20sd
206_SD,image_177.jpg,dataset\206_SD\image_177.jpg,https://divar.ir/s/tehran/car?q=206%20sd
206_SD,image_178.jpg,dataset\206_SD\image_178.jpg,https://divar.ir/s/tehran/car?q=206%20sd
206_SD,image_179.jpg,dataset\206_SD\image_179.jpg,https://divar.ir/s/tehran/car?q=206%20sd
206_SD,image_180.jpg,dataset\206_SD\image_180.jpg,https://divar.ir/s/tehran/car?q=206%20sd
206_SD,image_181.jpg,dataset\206_SD\image_181.jpg,https://divar.ir/s/tehran/car?q=206%20sd
206_SD,image_182.jpg,dataset\206_SD\image_182.jpg,https://divar.ir/s/tehran/car?q=206%20sd
206_SD,image_183.jpg,dataset\206_SD\image_183.jpg,https://divar.ir/s/tehran/car?q=206%20sd
206_SD,image_184.jpg,dataset\206_SD\image_184.jpg,https://divar.ir/s/tehran/car?q=206%20sd
206_SD,image_185.jpg,dataset\206_SD\image_185.jpg,https://divar.ir/s/tehran/car?q=206%20sd
206_SD,image_186.jpg,dataset\206_SD\image_186.jpg,https://divar.ir/s/tehran/car?q=206%20sd
206_SD,image_187.jpg,dataset\206_SD\image_187.jpg,https://divar.ir/s/tehran/car?q=206%20sd
206_SD,image_188.jpg,dataset\206_SD\image_188.jpg,https://divar.ir/s/tehran/car?q=206%20sd
206_SD,image_189.jpg,dataset\206_SD\image_189.jpg,https://divar.ir/s/tehran/car?q=206%20sd
206_SD,image_190.jpg,dataset\206_SD\image_190.jpg,https://divar.ir/s/tehran/car?q=206%20sd
206_SD,image_191.jpg,dataset\206_SD\image_191.jpg,https://divar.ir/s/tehran/car?q=206%20sd
206_SD,image_192.jpg,dataset\206_SD\image_192.jpg,https://divar.ir/s/tehran/car?q=206%20sd
206_SD,image_193.jpg,dataset\206_SD\image_193.jpg,https://divar.ir/s/tehran/car?q=206%20sd
206_SD,image_194.jpg,dataset\206_SD\image_194.jpg,https://divar.ir/s/tehran/car?q=206%20sd
206_SD,image_195.jpg,dataset\206_SD\image_195.jpg,https://divar.ir/s/tehran/car?q=206%20sd
206_SD,image_196.jpg,dataset\206_SD\image_196.jpg,https://divar.ir/s/tehran/car?q=206%20sd
206_SD,image_197.jpg,dataset\206_SD\image_197.jpg,https://divar.ir/s/tehran/car?q=206%20sd
206_SD,image_198.jpg,dataset\206_SD\image_198.jpg,https://divar.ir/s/tehran/car?q=206%20sd
206_SD,image_199.jpg,dataset\206_SD\image_199.jpg,https://divar.ir/s/tehran/car?q=206%20sd
206_SD,image_200.jpg,dataset\206_SD\image_200.jpg,https://divar.ir/s/tehran/car?q=206%20sd
207,image_1.jpg,dataset\207\image_1.jpg,https://divar.ir/s/tehran/car?q=207
207,image_2.jpg,dataset\207\image_2.jpg,https://divar.ir/s/tehran/car?q=207
207,image_3.jpg,dataset\207\image_3.jpg,https://divar.ir/s/tehran/car?q=207
207,image_4.jpg,dataset\207\image_4.jpg,https://divar.ir/s/tehran/car?q=207
207,image_5.jpg,dataset\207\image_5.jpg,https://divar.ir/s/tehran/car?q=207
207,image_6.jpg,dataset\207\image_6.jpg,https://divar.ir/s/tehran/car?q=207
207,image_7.jpg,dataset\207\image_7.jpg,https://divar.ir/s/tehran/car?q=207
207,image_8.jpg,dataset\207\image_8.jpg,https://divar.ir/s/tehran/car?q=207
207,image_9.jpg,dataset\207\image_9.jpg,https://divar.ir/s/tehran/car?q=207
207,image_10.jpg,dataset\207\image_10.jpg,https://divar.ir/s/tehran/car?q=207
207,image_11.jpg,dataset\207\image_11.jpg,https://divar.ir/s/tehran/car?q=207
207,image_12.jpg,dataset\207\image_12.jpg,https://divar.ir/s/tehran/car?q=207
207,image_13.jpg,dataset\207\image_13.jpg,https://divar.ir/s/tehran/car?q=207
207,image_14.jpg,dataset\207\image_14.jpg,https://divar.ir/s/tehran/car?q=207
207,image_15.jpg,dataset\207\image_15.jpg,https://divar.ir/s/tehran/car?q=207
207,image_16.jpg,dataset\207\image_16.jpg,https://divar.ir/s/tehran/car?q=207
207,image_17.jpg,dataset\207\image_17.jpg,https://divar.ir/s/tehran/car?q=207
207,image_18.jpg,dataset\207\image_18.jpg,https://divar.ir/s/tehran/car?q=207
207,image_19.jpg,dataset\207\image_19.jpg,https://divar.ir/s/tehran/car?q=207
207,image_20.jpg,dataset\207\image_20.jpg,https://divar.ir/s/tehran/car?q=207
207,image_21.jpg,dataset\207\image_21.jpg,https://divar.ir/s/tehran/car?q=207
207,image_22.jpg,dataset\207\image_22.jpg,https://divar.ir/s/tehran/car?q=207
207,image_23.jpg,dataset\207\image_23.jpg,https://divar.ir/s/tehran/car?q=207
207,image_24.jpg,dataset\207\image_24.jpg,https://divar.ir/s/tehran/car?q=207
207,image_25.jpg,dataset\207\image_25.jpg,https://divar.ir/s/tehran/car?q=207
207,image_26.jpg,dataset\207\image_26.jpg,https://divar.ir/s/tehran/car?q=207
207,image_27.jpg,dataset\207\image_27.jpg,https://divar.ir/s/tehran/car?q=207
207,image_28.jpg,dataset\207\image_28.jpg,https://divar.ir/s/tehran/car?q=207
207,image_29.jpg,dataset\207\image_29.jpg,https://divar.ir/s/tehran/car?q=207
207,image_30.jpg,dataset\207\image_30.jpg,https://divar.ir/s/tehran/car?q=207
207,image_31.jpg,dataset\207\image_31.jpg,https://divar.ir/s/tehran/car?q=207
207,image_32.jpg,dataset\207\image_32.jpg,https://divar.ir/s/tehran/car?q=207
207,image_33.jpg,dataset\207\image_33.jpg,https://divar.ir/s/tehran/car?q=207
207,image_34.jpg,dataset\207\image_34.jpg,https://divar.ir/s/tehran/car?q=207
207,image_35.jpg,dataset\207\image_35.jpg,https://divar.ir/s/tehran/car?q=207
207,image_36.jpg,dataset\207\image_36.jpg,https://divar.ir/s/tehran/car?q=207
207,image_37.jpg,dataset\207\image_37.jpg,https://divar.ir/s/tehran/car?q=207
207,image_38.jpg,dataset\207\image_38.jpg,https://divar.ir/s/tehran/car?q=207
207,image_39.jpg,dataset\207\image_39.jpg,https://divar.ir/s/tehran/car?q=207
207,image_40.jpg,dataset\207\image_40.jpg,https://divar.ir/s/tehran/car?q=207
207,image_41.jpg,dataset\207\image_41.jpg,https://divar.ir/s/tehran/car?q=207
207,image_42.jpg,dataset\207\image_42.jpg,https://divar.ir/s/tehran/car?q=207
207,image_43.jpg,dataset\207\image_43.jpg,https://divar.ir/s/tehran/car?q=207
207,image_44.jpg,dataset\207\image_44.jpg,https://divar.ir/s/tehran/car?q=207
207,image_45.jpg,dataset\207\image_45.jpg,https://divar.ir/s/tehran/car?q=207
207,image_46.jpg,dataset\207\image_46.jpg,https://divar.ir/s/tehran/car?q=207
207,image_47.jpg,dataset\207\image_47.jpg,https://divar.ir/s/tehran/car?q=207
207,image_48.jpg,dataset\207\image_48.jpg,https://divar.ir/s/tehran/car?q=207
207,image_49.jpg,dataset\207\image_49.jpg,https://divar.ir/s/tehran/car?q=207
207,image_50.jpg,dataset\207\image_50.jpg,https://divar.ir/s/tehran/car?q=207
207,image_51.jpg,dataset\207\image_51.jpg,https://divar.ir/s/tehran/car?q=207
207,image_52.jpg,dataset\207\image_52.jpg,https://divar.ir/s/tehran/car?q=207
207,image_53.jpg,dataset\207\image_53.jpg,https://divar.ir/s/tehran/car?q=207
207,image_54.jpg,dataset\207\image_54.jpg,https://divar.ir/s/tehran/car?q=207
207,image_55.jpg,dataset\207\image_55.jpg,https://divar.ir/s/tehran/car?q=207
207,image_56.jpg,dataset\207\image_56.jpg,https://divar.ir/s/tehran/car?q=207
207,image_57.jpg,dataset\207\image_57.jpg,https://divar.ir/s/tehran/car?q=207
207,image_58.jpg,dataset\207\image_58.jpg,https://divar.ir/s/tehran/car?q=207
207,image_59.jpg,dataset\207\image_59.jpg,https://divar.ir/s/tehran/car?q=207
207,image_60.jpg,dataset\207\image_60.jpg,https://divar.ir/s/tehran/car?q=207
207,image_61.jpg,dataset\207\image_61.jpg,https://divar.ir/s/tehran/car?q=207
207,image_62.jpg,dataset\207\image_62.jpg,https://divar.ir/s/tehran/car?q=207
207,image_63.jpg,dataset\207\image_63.jpg,https://divar.ir/s/tehran/car?q=207
207,image_64.jpg,dataset\207\image_64.jpg,https://divar.ir/s/tehran/car?q=207
207,image_65.jpg,dataset\207\image_65.jpg,https://divar.ir/s/tehran/car?q=207
207,image_66.jpg,dataset\207\image_66.jpg,https://divar.ir/s/tehran/car?q=207
207,image_67.jpg,dataset\207\image_67.jpg,https://divar.ir/s/tehran/car?q=207
207,image_68.jpg,dataset\207\image_68.jpg,https://divar.ir/s/tehran/car?q=207
207,image_69.jpg,dataset\207\image_69.jpg,https://divar.ir/s/tehran/car?q=207
207,image_70.jpg,dataset\207\image_70.jpg,https://divar.ir/s/tehran/car?q=207
207,image_71.jpg,dataset\207\image_71.jpg,https://divar.ir/s/tehran/car?q=207
207,image_72.jpg,dataset\207\image_72.jpg,https://divar.ir/s/tehran/car?q=207
207,image_73.jpg,dataset\207\image_73.jpg,https://divar.ir/s/tehran/car?q=207
207,image_74.jpg,dataset\207\image_74.jpg,https://divar.ir/s/tehran/car?q=207
207,image_75.jpg,dataset\207\image_75.jpg,https://divar.ir/s/tehran/car?q=207
207,image_76.jpg,dataset\207\image_76.jpg,https://divar.ir/s/tehran/car?q=207
207,image_77.jpg,dataset\207\image_77.jpg,https://divar.ir/s/tehran/car?q=207
207,image_78.jpg,dataset\207\image_78.jpg,https://divar.ir/s/tehran/car?q=207
207,image_79.jpg,dataset\207\image_79.jpg,https://divar.ir/s/tehran/car?q=207
207,image_80.jpg,dataset\207\image_80.jpg,https://divar.ir/s/tehran/car?q=207
207,image_81.jpg,dataset\207\image_81.jpg,https://divar.ir/s/tehran/car?q=207
207,image_82.jpg,dataset\207\image_82.jpg,https://divar.ir/s/tehran/car?q=207
207,image_83.jpg,dataset\207\image_83.jpg,https://divar.ir/s/tehran/car?q=207
207,image_84.jpg,dataset\207\image_84.jpg,https://divar.ir/s/tehran/car?q=207
207,image_85.jpg,dataset\207\image_85.jpg,https://divar.ir/s/tehran/car?q=207
207,image_86.jpg,dataset\207\image_86.jpg,https://divar.ir/s/tehran/car?q=207
207,image_87.jpg,dataset\207\image_87.jpg,https://divar.ir/s/tehran/car?q=207
207,image_88.jpg,dataset\207\image_88.jpg,https://divar.ir/s/tehran/car?q=207
207,image_89.jpg,dataset\207\image_89.jpg,https://divar.ir/s/tehran/car?q=207
207,image_90.jpg,dataset\207\image_90.jpg,https://divar.ir/s/tehran/car?q=207
207,image_91.jpg,dataset\207\image_91.jpg,https://divar.ir/s/tehran/car?q=207
207,image_92.jpg,dataset\207\image_92.jpg,https://divar.ir/s/tehran/car?q=207
207,image_93.jpg,dataset\207\image_93.jpg,https://divar.ir/s/tehran/car?q=207
207,image_94.jpg,dataset\207\image_94.jpg,https://divar.ir/s/tehran/car?q=207
207,image_95.jpg,dataset\207\image_95.jpg,https://divar.ir/s/tehran/car?q=207
207,image_96.jpg,dataset\207\image_96.jpg,https://divar.ir/s/tehran/car?q=207
207,image_97.jpg,dataset\207\image_97.jpg,https://divar.ir/s/tehran/car?q=207
207,image_98.jpg,dataset\207\image_98.jpg,https://divar.ir/s/tehran/car?q=207
207,image_99.jpg,dataset\207\image_99.jpg,https://divar.ir/s/tehran/car?q=207
207,image_100.jpg,dataset\207\image_100.jpg,https://divar.ir/s/tehran/car?q=207
207,image_101.jpg,dataset\207\image_101.jpg,https://divar.ir/s/tehran/car?q=207
207,image_102.jpg,dataset\207\image_102.jpg,https://divar.ir/s/tehran/car?q=207
207,image_103.jpg,dataset\207\image_103.jpg,https://divar.ir/s/tehran/car?q=207
207,image_104.jpg,dataset\207\image_104.jpg,https://divar.ir/s/tehran/car?q=207
207,image_105.jpg,dataset\207\image_105.jpg,https://divar.ir/s/tehran/car?q=207
207,image_106.jpg,dataset\207\image_106.jpg,https://divar.ir/s/tehran/car?q=207
207,image_107.jpg,dataset\207\image_107.jpg,https://divar.ir/s/tehran/car?q=207
207,image_108.jpg,dataset\207\image_108.jpg,https://divar.ir/s/tehran/car?q=207
207,image_109.jpg,dataset\207\image_109.jpg,https://divar.ir/s/tehran/car?q=207
207,image_110.jpg,dataset\207\image_110.jpg,https://divar.ir/s/tehran/car?q=207
207,image_111.jpg,dataset\207\image_111.jpg,https://divar.ir/s/tehran/car?q=207
207,image_112.jpg,dataset\207\image_112.jpg,https://divar.ir/s/tehran/car?q=207
207,image_113.jpg,dataset\207\image_113.jpg,https://divar.ir/s/tehran/car?q=207
207,image_114.jpg,dataset\207\image_114.jpg,https://divar.ir/s/tehran/car?q=207
207,image_115.jpg,dataset\207\image_115.jpg,https://divar.ir/s/tehran/car?q=207
207,image_116.jpg,dataset\207\image_116.jpg,https://divar.ir/s/tehran/car?q=207
207,image_117.jpg,dataset\207\image_117.jpg,https://divar.ir/s/tehran/car?q=207
207,image_118.jpg,dataset\207\image_118.jpg,https://divar.ir/s/tehran/car?q=207
207,image_119.jpg,dataset\207\image_119.jpg,https://divar.ir/s/tehran/car?q=207
207,image_120.jpg,dataset\207\image_120.jpg,https://divar.ir/s/tehran/car?q=207
207,image_121.jpg,dataset\207\image_121.jpg,https://divar.ir/s/tehran/car?q=207
207,image_122.jpg,dataset\207\image_122.jpg,https://divar.ir/s/tehran/car?q=207
207,image_123.jpg,dataset\207\image_123.jpg,https://divar.ir/s/tehran/car?q=207
207,image_124.jpg,dataset\207\image_124.jpg,https://divar.ir/s/tehran/car?q=207
207,image_125.jpg,dataset\207\image_125.jpg,https://divar.ir/s/tehran/car?q=207
207,image_126.jpg,dataset\207\image_126.jpg,https://divar.ir/s/tehran/car?q=207
207,image_127.jpg,dataset\207\image_127.jpg,https://divar.ir/s/tehran/car?q=207
207,image_128.jpg,dataset\207\image_128.jpg,https://divar.ir/s/tehran/car?q=207
207,image_129.jpg,dataset\207\image_129.jpg,https://divar.ir/s/tehran/car?q=207
207,image_130.jpg,dataset\207\image_130.jpg,https://divar.ir/s/tehran/car?q=207
207,image_131.jpg,dataset\207\image_131.jpg,https://divar.ir/s/tehran/car?q=207
207,image_132.jpg,dataset\207\image_132.jpg,https://divar.ir/s/tehran/car?q=207
207,image_133.jpg,dataset\207\image_133.jpg,https://divar.ir/s/tehran/car?q=207
207,image_134.jpg,dataset\207\image_134.jpg,https://divar.ir/s/tehran/car?q=207
207,image_135.jpg,dataset\207\image_135.jpg,https://divar.ir/s/tehran/car?q=207
207,image_136.jpg,dataset\207\image_136.jpg,https://divar.ir/s/tehran/car?q=207
207,image_137.jpg,dataset\207\image_137.jpg,https://divar.ir/s/tehran/car?q=207
207,image_138.jpg,dataset\207\image_138.jpg,https://divar.ir/s/tehran/car?q=207
207,image_139.jpg,dataset\207\image_139.jpg,https://divar.ir/s/tehran/car?q=207
207,image_140.jpg,dataset\207\image_140.jpg,https://divar.ir/s/tehran/car?q=207
207,image_141.jpg,dataset\207\image_141.jpg,https://divar.ir/s/tehran/car?q=207
207,image_142.jpg,dataset\207\image_142.jpg,https://divar.ir/s/tehran/car?q=207
207,image_143.jpg,dataset\207\image_143.jpg,https://divar.ir/s/tehran/car?q=207
207,image_144.jpg,dataset\207\image_144.jpg,https://divar.ir/s/tehran/car?q=207
207,image_145.jpg,dataset\207\image_145.jpg,https://divar.ir/s/tehran/car?q=207
207,image_146.jpg,dataset\207\image_146.jpg,https://divar.ir/s/tehran/car?q=207
207,image_147.jpg,dataset\207\image_147.jpg,https://divar.ir/s/tehran/car?q=207
207,image_148.jpg,dataset\207\image_148.jpg,https://divar.ir/s/tehran/car?q=207
207,image_149.jpg,dataset\207\image_149.jpg,https://divar.ir/s/tehran/car?q=207
207,image_150.jpg,dataset\207\image_150.jpg,https://divar.ir/s/tehran/car?q=207
207,image_151.jpg,dataset\207\image_151.jpg,https://divar.ir/s/tehran/car?q=207
207,image_152.jpg,dataset\207\image_152.jpg,https://divar.ir/s/tehran/car?q=207
207,image_153.jpg,dataset\207\image_153.jpg,https://divar.ir/s/tehran/car?q=207
207,image_154.jpg,dataset\207\image_154.jpg,https://divar.ir/s/tehran/car?q=207
207,image_155.jpg,dataset\207\image_155.jpg,https://divar.ir/s/tehran/car?q=207
207,image_156.jpg,dataset\207\image_156.jpg,https://divar.ir/s/tehran/car?q=207
207,image_157.jpg,dataset\207\image_157.jpg,https://divar.ir/s/tehran/car?q=207
207,image_158.jpg,dataset\207\image_158.jpg,https://divar.ir/s/tehran/car?q=207
207,image_159.jpg,dataset\207\image_159.jpg,https://divar.ir/s/tehran/car?q=207
207,image_160.jpg,dataset\207\image_160.jpg,https://divar.ir/s/tehran/car?q=207
207,image_161.jpg,dataset\207\image_161.jpg,https://divar.ir/s/tehran/car?q=207
207,image_162.jpg,dataset\207\image_162.jpg,https://divar.ir/s/tehran/car?q=207
207,image_163.jpg,dataset\207\image_163.jpg,https://divar.ir/s/tehran/car?q=207
207,image_164.jpg,dataset\207\image_164.jpg,https://divar.ir/s/tehran/car?q=207
207,image_165.jpg,dataset\207\image_165.jpg,https://divar.ir/s/tehran/car?q=207
207,image_166.jpg,dataset\207\image_166.jpg,https://divar.ir/s/tehran/car?q=207
207,image_167.jpg,dataset\207\image_167.jpg,https://divar.ir/s/tehran/car?q=207
207,image_168.jpg,dataset\207\image_168.jpg,https://divar.ir/s/tehran/car?q=207
207,image_169.jpg,dataset\207\image_169.jpg,https://divar.ir/s/tehran/car?q=207
207,image_170.jpg,dataset\207\image_170.jpg,https://divar.ir/s/tehran/car?q=207
207,image_171.jpg,dataset\207\image_171.jpg,https://divar.ir/s/tehran/car?q=207
207,image_172.jpg,dataset\207\image_172.jpg,https://divar.ir/s/tehran/car?q=207
207,image_173.jpg,dataset\207\image_173.jpg,https://divar.ir/s/tehran/car?q=207
207,image_174.jpg,dataset\207\image_174.jpg,https://divar.ir/s/tehran/car?q=207
207,image_175.jpg,dataset\207\image_175.jpg,https://divar.ir/s/tehran/car?q=207
207,image_176.jpg,dataset\207\image_176.jpg,https://divar.ir/s/tehran/car?q=207
207,image_177.jpg,dataset\207\image_177.jpg,https://divar.ir/s/tehran/car?q=207
207,image_178.jpg,dataset\207\image_178.jpg,https://divar.ir/s/tehran/car?q=207
207,image_179.jpg,dataset\207\image_179.jpg,https://divar.ir/s/tehran/car?q=207
207,image_180.jpg,dataset\207\image_180.jpg,https://divar.ir/s/tehran/car?q=207
207,image_181.jpg,dataset\207\image_181.jpg,https://divar.ir/s/tehran/car?q=207
207,image_182.jpg,dataset\207\image_182.jpg,https://divar.ir/s/tehran/car?q=207
207,image_183.jpg,dataset\207\image_183.jpg,https://divar.ir/s/tehran/car?q=207
207,image_184.jpg,dataset\207\image_184.jpg,https://divar.ir/s/tehran/car?q=207
207,image_185.jpg,dataset\207\image_185.jpg,https://divar.ir/s/tehran/car?q=207
207,image_186.jpg,dataset\207\image_186.jpg,https://divar.ir/s/tehran/car?q=207
207,image_187.jpg,dataset\207\image_187.jpg,https://divar.ir/s/tehran/car?q=207
207,image_188.jpg,dataset\207\image_188.jpg,https://divar.ir/s/tehran/car?q=207
207,image_189.jpg,dataset\207\image_189.jpg,https://divar.ir/s/tehran/car?q=207
207,image_190.jpg,dataset\207\image_190.jpg,https://divar.ir/s/tehran/car?q=207
207,image_191.jpg,dataset\207\image_191.jpg,https://divar.ir/s/tehran/car?q=207
207,image_192.jpg,dataset\207\image_192.jpg,https://divar.ir/s/tehran/car?q=207
207,image_193.jpg,dataset\207\image_193.jpg,https://divar.ir/s/tehran/car?q=207
207,image_194.jpg,dataset\207\image_194.jpg,https://divar.ir/s/tehran/car?q=207
207,image_195.jpg,dataset\207\image_195.jpg,https://divar.ir/s/tehran/car?q=207
207,image_196.jpg,dataset\207\image_196.jpg,https://divar.ir/s/tehran/car?q=207
207,image_197.jpg,dataset\207\image_197.jpg,https://divar.ir/s/tehran/car?q=207
207,image_198.jpg,dataset\207\image_198.jpg,https://divar.ir/s/tehran/car?q=207
207,image_199.jpg,dataset\207\image_199.jpg,https://divar.ir/s/tehran/car?q=207
207,image_200.jpg,dataset\207\image_200.jpg,https://divar.ir/s/tehran/car?q=207
405,image_1.jpg,dataset\405\image_1.jpg,https://divar.ir/s/tehran/car?q=405
405,image_2.jpg,dataset\405\image_2.jpg,https://divar.ir/s/tehran/car?q=405
405,image_3.jpg,dataset\405\image_3.jpg,https://divar.ir/s/tehran/car?q=405
405,image_4.jpg,dataset\405\image_4.jpg,https://divar.ir/s/tehran/car?q=405
405,image_5.jpg,dataset\405\image_5.jpg,https://divar.ir/s/tehran/car?q=405
405,image_6.jpg,dataset\405\image_6.jpg,https://divar.ir/s/tehran/car?q=405
405,image_7.jpg,dataset\405\image_7.jpg,https://divar.ir/s/tehran/car?q=405
405,image_8.jpg,dataset\405\image_8.jpg,https://divar.ir/s/tehran/car?q=405
405,image_9.jpg,dataset\405\image_9.jpg,https://divar.ir/s/tehran/car?q=405
405,image_10.jpg,dataset\405\image_10.jpg,https://divar.ir/s/tehran/car?q=405
405,image_11.jpg,dataset\405\image_11.jpg,https://divar.ir/s/tehran/car?q=405
405,image_12.jpg,dataset\405\image_12.jpg,https://divar.ir/s/tehran/car?q=405
405,image_13.jpg,dataset\405\image_13.jpg,https://divar.ir/s/tehran/car?q=405
405,image_14.jpg,dataset\405\image_14.jpg,https://divar.ir/s/tehran/car?q=405
405,image_15.jpg,dataset\405\image_15.jpg,https://divar.ir/s/tehran/car?q=405
405,image_16.jpg,dataset\405\image_16.jpg,https://divar.ir/s/tehran/car?q=405
405,image_17.jpg,dataset\405\image_17.jpg,https://divar.ir/s/tehran/car?q=405
405,image_18.jpg,dataset\405\image_18.jpg,https://divar.ir/s/tehran/car?q=405
405,image_19.jpg,dataset\405\image_19.jpg,https://divar.ir/s/tehran/car?q=405
405,image_20.jpg,dataset\405\image_20.jpg,https://divar.ir/s/tehran/car?q=405
405,image_21.jpg,dataset\405\image_21.jpg,https://divar.ir/s/tehran/car?q=405
405,image_22.jpg,dataset\405\image_22.jpg,https://divar.ir/s/tehran/car?q=405
405,image_23.jpg,dataset\405\image_23.jpg,https://divar.ir/s/tehran/car?q=405
405,image_24.jpg,dataset\405\image_24.jpg,https://divar.ir/s/tehran/car?q=405
405,image_25.jpg,dataset\405\image_25.jpg,https://divar.ir/s/tehran/car?q=405
405,image_26.jpg,dataset\405\image_26.jpg,https://divar.ir/s/tehran/car?q=405
405,image_27.jpg,dataset\405\image_27.jpg,https://divar.ir/s/tehran/car?q=405
405,image_28.jpg,dataset\405\image_28.jpg,https://divar.ir/s/tehran/car?q=405
405,image_29.jpg,dataset\405\image_29.jpg,https://divar.ir/s/tehran/car?q=405
405,image_30.jpg,dataset\405\image_30.jpg,https://divar.ir/s/tehran/car?q=405
405,image_31.jpg,dataset\405\image_31.jpg,https://divar.ir/s/tehran/car?q=405
405,image_32.jpg,dataset\405\image_32.jpg,https://divar.ir/s/tehran/car?q=405
405,image_33.jpg,dataset\405\image_33.jpg,https://divar.ir/s/tehran/car?q=405
405,image_34.jpg,dataset\405\image_34.jpg,https://divar.ir/s/tehran/car?q=405
405,image_35.jpg,dataset\405\image_35.jpg,https://divar.ir/s/tehran/car?q=405
405,image_36.jpg,dataset\405\image_36.jpg,https://divar.ir/s/tehran/car?q=405
405,image_37.jpg,dataset\405\image_37.jpg,https://divar.ir/s/tehran/car?q=405
405,image_38.jpg,dataset\405\image_38.jpg,https://divar.ir/s/tehran/car?q=405
405,image_39.jpg,dataset\405\image_39.jpg,https://divar.ir/s/tehran/car?q=405
405,image_40.jpg,dataset\405\image_40.jpg,https://divar.ir/s/tehran/car?q=405
405,image_41.jpg,dataset\405\image_41.jpg,https://divar.ir/s/tehran/car?q=405
405,image_42.jpg,dataset\405\image_42.jpg,https://divar.ir/s/tehran/car?q=405
405,image_43.jpg,dataset\405\image_43.jpg,https://divar.ir/s/tehran/car?q=405
405,image_44.jpg,dataset\405\image_44.jpg,https://divar.ir/s/tehran/car?q=405
405,image_45.jpg,dataset\405\image_45.jpg,https://divar.ir/s/tehran/car?q=405
405,image_46.jpg,dataset\405\image_46.jpg,https://divar.ir/s/tehran/car?q=405
405,image_47.jpg,dataset\405\image_47.jpg,https://divar.ir/s/tehran/car?q=405
405,image_48.jpg,dataset\405\image_48.jpg,https://divar.ir/s/tehran/car?q=405
405,image_49.jpg,dataset\405\image_49.jpg,https://divar.ir/s/tehran/car?q=405
405,image_50.jpg,dataset\405\image_50.jpg,https://divar.ir/s/tehran/car?q=405
405,image_51.jpg,dataset\405\image_51.jpg,https://divar.ir/s/tehran/car?q=405
405,image_52.jpg,dataset\405\image_52.jpg,https://divar.ir/s/tehran/car?q=405
405,image_53.jpg,dataset\405\image_53.jpg,https://divar.ir/s/tehran/car?q=405
405,image_54.jpg,dataset\405\image_54.jpg,https://divar.ir/s/tehran/car?q=405
405,image_55.jpg,dataset\405\image_55.jpg,https://divar.ir/s/tehran/car?q=405
405,image_56.jpg,dataset\405\image_56.jpg,https://divar.ir/s/tehran/car?q=405
405,image_57.jpg,dataset\405\image_57.jpg,https://divar.ir/s/tehran/car?q=405
405,image_58.jpg,dataset\405\image_58.jpg,https://divar.ir/s/tehran/car?q=405
405,image_59.jpg,dataset\405\image_59.jpg,https://divar.ir/s/tehran/car?q=405
405,image_60.jpg,dataset\405\image_60.jpg,https://divar.ir/s/tehran/car?q=405
405,image_61.jpg,dataset\405\image_61.jpg,https://divar.ir/s/tehran/car?q=405
405,image_62.jpg,dataset\405\image_62.jpg,https://divar.ir/s/tehran/car?q=405
405,image_63.jpg,dataset\405\image_63.jpg,https://divar.ir/s/tehran/car?q=405
405,image_64.jpg,dataset\405\image_64.jpg,https://divar.ir/s/tehran/car?q=405
405,image_65.jpg,dataset\405\image_65.jpg,https://divar.ir/s/tehran/car?q=405
405,image_66.jpg,dataset\405\image_66.jpg,https://divar.ir/s/tehran/car?q=405
405,image_67.jpg,dataset\405\image_67.jpg,https://divar.ir/s/tehran/car?q=405
405,image_68.jpg,dataset\405\image_68.jpg,https://divar.ir/s/tehran/car?q=405
405,image_69.jpg,dataset\405\image_69.jpg,https://divar.ir/s/tehran/car?q=405
405,image_70.jpg,dataset\405\image_70.jpg,https://divar.ir/s/tehran/car?q=405
405,image_71.jpg,dataset\405\image_71.jpg,https://divar.ir/s/tehran/car?q=405
405,image_72.jpg,dataset\405\image_72.jpg,https://divar.ir/s/tehran/car?q=405
405,image_73.jpg,dataset\405\image_73.jpg,https://divar.ir/s/tehran/car?q=405
405,image_74.jpg,dataset\405\image_74.jpg,https://divar.ir/s/tehran/car?q=405
405,image_75.jpg,dataset\405\image_75.jpg,https://divar.ir/s/tehran/car?q=405
405,image_76.jpg,dataset\405\image_76.jpg,https://divar.ir/s/tehran/car?q=405
405,image_77.jpg,dataset\405\image_77.jpg,https://divar.ir/s/tehran/car?q=405
405,image_78.jpg,dataset\405\image_78.jpg,https://divar.ir/s/tehran/car?q=405
405,image_79.jpg,dataset\405\image_79.jpg,https://divar.ir/s/tehran/car?q=405
405,image_80.jpg,dataset\405\image_80.jpg,https://divar.ir/s/tehran/car?q=405
405,image_81.jpg,dataset\405\image_81.jpg,https://divar.ir/s/tehran/car?q=405
405,image_82.jpg,dataset\405\image_82.jpg,https://divar.ir/s/tehran/car?q=405
405,image_83.jpg,dataset\405\image_83.jpg,https://divar.ir/s/tehran/car?q=405
405,image_84.jpg,dataset\405\image_84.jpg,https://divar.ir/s/tehran/car?q=405
405,image_85.jpg,dataset\405\image_85.jpg,https://divar.ir/s/tehran/car?q=405
405,image_86.jpg,dataset\405\image_86.jpg,https://divar.ir/s/tehran/car?q=405
405,image_87.jpg,dataset\405\image_87.jpg,https://divar.ir/s/tehran/car?q=405
405,image_88.jpg,dataset\405\image_88.jpg,https://divar.ir/s/tehran/car?q=405
405,image_89.jpg,dataset\405\image_89.jpg,https://divar.ir/s/tehran/car?q=405
405,image_90.jpg,dataset\405\image_90.jpg,https://divar.ir/s/tehran/car?q=405
405,image_91.jpg,dataset\405\image_91.jpg,https://divar.ir/s/tehran/car?q=405
405,image_92.jpg,dataset\405\image_92.jpg,https://divar.ir/s/tehran/car?q=405
405,image_93.jpg,dataset\405\image_93.jpg,https://divar.ir/s/tehran/car?q=405
405,image_94.jpg,dataset\405\image_94.jpg,https://divar.ir/s/tehran/car?q=405
405,image_95.jpg,dataset\405\image_95.jpg,https://divar.ir/s/tehran/car?q=405
405,image_96.jpg,dataset\405\image_96.jpg,https://divar.ir/s/tehran/car?q=405
405,image_97.jpg,dataset\405\image_97.jpg,https://divar.ir/s/tehran/car?q=405
405,image_98.jpg,dataset\405\image_98.jpg,https://divar.ir/s/tehran/car?q=405
405,image_99.jpg,dataset\405\image_99.jpg,https://divar.ir/s/tehran/car?q=405
405,image_100.jpg,dataset\405\image_100.jpg,https://divar.ir/s/tehran/car?q=405
405,image_101.jpg,dataset\405\image_101.jpg,https://divar.ir/s/tehran/car?q=405
405,image_102.jpg,dataset\405\image_102.jpg,https://divar.ir/s/tehran/car?q=405
405,image_103.jpg,dataset\405\image_103.jpg,https://divar.ir/s/tehran/car?q=405
405,image_104.jpg,dataset\405\image_104.jpg,https://divar.ir/s/tehran/car?q=405
405,image_105.jpg,dataset\405\image_105.jpg,https://divar.ir/s/tehran/car?q=405
405,image_106.jpg,dataset\405\image_106.jpg,https://divar.ir/s/tehran/car?q=405
405,image_107.jpg,dataset\405\image_107.jpg,https://divar.ir/s/tehran/car?q=405
405,image_108.jpg,dataset\405\image_108.jpg,https://divar.ir/s/tehran/car?q=405
405,image_109.jpg,dataset\405\image_109.jpg,https://divar.ir/s/tehran/car?q=405
405,image_110.jpg,dataset\405\image_110.jpg,https://divar.ir/s/tehran/car?q=405
405,image_111.jpg,dataset\405\image_111.jpg,https://divar.ir/s/tehran/car?q=405
405,image_112.jpg,dataset\405\image_112.jpg,https://divar.ir/s/tehran/car?q=405
405,image_113.jpg,dataset\405\image_113.jpg,https://divar.ir/s/tehran/car?q=405
405,image_114.jpg,dataset\405\image_114.jpg,https://divar.ir/s/tehran/car?q=405
405,image_115.jpg,dataset\405\image_115.jpg,https://divar.ir/s/tehran/car?q=405
405,image_116.jpg,dataset\405\image_116.jpg,https://divar.ir/s/tehran/car?q=405
405,image_117.jpg,dataset\405\image_117.jpg,https://divar.ir/s/tehran/car?q=405
405,image_118.jpg,dataset\405\image_118.jpg,https://divar.ir/s/tehran/car?q=405
405,image_119.jpg,dataset\405\image_119.jpg,https://divar.ir/s/tehran/car?q=405
405,image_120.jpg,dataset\405\image_120.jpg,https://divar.ir/s/tehran/car?q=405
405,image_121.jpg,dataset\405\image_121.jpg,https://divar.ir/s/tehran/car?q=405
405,image_122.jpg,dataset\405\image_122.jpg,https://divar.ir/s/tehran/car?q=405
405,image_123.jpg,dataset\405\image_123.jpg,https://divar.ir/s/tehran/car?q=405
405,image_124.jpg,dataset\405\image_124.jpg,https://divar.ir/s/tehran/car?q=405
405,image_125.jpg,dataset\405\image_125.jpg,https://divar.ir/s/tehran/car?q=405
405,image_126.jpg,dataset\405\image_126.jpg,https://divar.ir/s/tehran/car?q=405
405,image_127.jpg,dataset\405\image_127.jpg,https://divar.ir/s/tehran/car?q=405
405,image_128.jpg,dataset\405\image_128.jpg,https://divar.ir/s/tehran/car?q=405
405,image_129.jpg,dataset\405\image_129.jpg,https://divar.ir/s/tehran/car?q=405
405,image_130.jpg,dataset\405\image_130.jpg,https://divar.ir/s/tehran/car?q=405
405,image_131.jpg,dataset\405\image_131.jpg,https://divar.ir/s/tehran/car?q=405
405,image_132.jpg,dataset\405\image_132.jpg,https://divar.ir/s/tehran/car?q=405
405,image_133.jpg,dataset\405\image_133.jpg,https://divar.ir/s/tehran/car?q=405
405,image_134.jpg,dataset\405\image_134.jpg,https://divar.ir/s/tehran/car?q=405
405,image_135.jpg,dataset\405\image_135.jpg,https://divar.ir/s/tehran/car?q=405
405,image_136.jpg,dataset\405\image_136.jpg,https://divar.ir/s/tehran/car?q=405
405,image_137.jpg,dataset\405\image_137.jpg,https://divar.ir/s/tehran/car?q=405
405,image_138.jpg,dataset\405\image_138.jpg,https://divar.ir/s/tehran/car?q=405
405,image_139.jpg,dataset\405\image_139.jpg,https://divar.ir/s/tehran/car?q=405
405,image_140.jpg,dataset\405\image_140.jpg,https://divar.ir/s/tehran/car?q=405
405,image_141.jpg,dataset\405\image_141.jpg,https://divar.ir/s/tehran/car?q=405
405,image_142.jpg,dataset\405\image_142.jpg,https://divar.ir/s/tehran/car?q=405
405,image_143.jpg,dataset\405\image_143.jpg,https://divar.ir/s/tehran/car?q=405
405,image_144.jpg,dataset\405\image_144.jpg,https://divar.ir/s/tehran/car?q=405
405,image_145.jpg,dataset\405\image_145.jpg,https://divar.ir/s/tehran/car?q=405
405,image_146.jpg,dataset\405\image_146.jpg,https://divar.ir/s/tehran/car?q=405
405,image_147.jpg,dataset\405\image_147.jpg,https://divar.ir/s/tehran/car?q=405
405,image_148.jpg,dataset\405\image_148.jpg,https://divar.ir/s/tehran/car?q=405
405,image_149.jpg,dataset\405\image_149.jpg,https://divar.ir/s/tehran/car?q=405
405,image_150.jpg,dataset\405\image_150.jpg,https://divar.ir/s/tehran/car?q=405
405,image_151.jpg,dataset\405\image_151.jpg,https://divar.ir/s/tehran/car?q=405
405,image_152.jpg,dataset\405\image_152.jpg,https://divar.ir/s/tehran/car?q=405
405,image_153.jpg,dataset\405\image_153.jpg,https://divar.ir/s/tehran/car?q=405
405,image_154.jpg,dataset\405\image_154.jpg,https://divar.ir/s/tehran/car?q=405
405,image_155.jpg,dataset\405\image_155.jpg,https://divar.ir/s/tehran/car?q=405
405,image_156.jpg,dataset\405\image_156.jpg,https://divar.ir/s/tehran/car?q=405
405,image_157.jpg,dataset\405\image_157.jpg,https://divar.ir/s/tehran/car?q=405
405,image_158.jpg,dataset\405\image_158.jpg,https://divar.ir/s/tehran/car?q=405
405,image_159.jpg,dataset\405\image_159.jpg,https://divar.ir/s/tehran/car?q=405
405,image_160.jpg,dataset\405\image_160.jpg,https://divar.ir/s/tehran/car?q=405
405,image_161.jpg,dataset\405\image_161.jpg,https://divar.ir/s/tehran/car?q=405
405,image_162.jpg,dataset\405\image_162.jpg,https://divar.ir/s/tehran/car?q=405
405,image_163.jpg,dataset\405\image_163.jpg,https://divar.ir/s/tehran/car?q=405
405,image_164.jpg,dataset\405\image_164.jpg,https://divar.ir/s/tehran/car?q=405
405,image_165.jpg,dataset\405\image_165.jpg,https://divar.ir/s/tehran/car?q=405
405,image_166.jpg,dataset\405\image_166.jpg,https://divar.ir/s/tehran/car?q=405
405,image_167.jpg,dataset\405\image_167.jpg,https://divar.ir/s/tehran/car?q=405
405,image_168.jpg,dataset\405\image_168.jpg,https://divar.ir/s/tehran/car?q=405
405,image_169.jpg,dataset\405\image_169.jpg,https://divar.ir/s/tehran/car?q=405
405,image_170.jpg,dataset\405\image_170.jpg,https://divar.ir/s/tehran/car?q=405
405,image_171.jpg,dataset\405\image_171.jpg,https://divar.ir/s/tehran/car?q=405
405,image_172.jpg,dataset\405\image_172.jpg,https://divar.ir/s/tehran/car?q=405
405,image_173.jpg,dataset\405\image_173.jpg,https://divar.ir/s/tehran/car?q=405
405,image_174.jpg,dataset\405\image_174.jpg,https://divar.ir/s/tehran/car?q=405
405,image_175.jpg,dataset\405\image_175.jpg,https://divar.ir/s/tehran/car?q=405
405,image_176.jpg,dataset\405\image_176.jpg,https://divar.ir/s/tehran/car?q=405
405,image_177.jpg,dataset\405\image_177.jpg,https://divar.ir/s/tehran/car?q=405
405,image_178.jpg,dataset\405\image_178.jpg,https://divar.ir/s/tehran/car?q=405
405,image_179.jpg,dataset\405\image_179.jpg,https://divar.ir/s/tehran/car?q=405
405,image_180.jpg,dataset\405\image_180.jpg,https://divar.ir/s/tehran/car?q=405
405,image_181.jpg,dataset\405\image_181.jpg,https://divar.ir/s/tehran/car?q=405
405,image_182.jpg,dataset\405\image_182.jpg,https://divar.ir/s/tehran/car?q=405
405,image_183.jpg,dataset\405\image_183.jpg,https://divar.ir/s/tehran/car?q=405
405,image_184.jpg,dataset\405\image_184.jpg,https://divar.ir/s/tehran/car?q=405
405,image_185.jpg,dataset\405\image_185.jpg,https://divar.ir/s/tehran/car?q=405
405,image_186.jpg,dataset\405\image_186.jpg,https://divar.ir/s/tehran/car?q=405
405,image_187.jpg,dataset\405\image_187.jpg,https://divar.ir/s/tehran/car?q=405
405,image_188.jpg,dataset\405\image_188.jpg,https://divar.ir/s/tehran/car?q=405
405,image_189.jpg,dataset\405\image_189.jpg,https://divar.ir/s/tehran/car?q=405
405,image_190.jpg,dataset\405\image_190.jpg,https://divar.ir/s/tehran/car?q=405
405,image_191.jpg,dataset\405\image_191.jpg,https://divar.ir/s/tehran/car?q=405
405,image_192.jpg,dataset\405\image_192.jpg,https://divar.ir/s/tehran/car?q=405
405,image_193.jpg,dataset\405\image_193.jpg,https://divar.ir/s/tehran/car?q=405
405,image_194.jpg,dataset\405\image_194.jpg,https://divar.ir/s/tehran/car?q=405
405,image_195.jpg,dataset\405\image_195.jpg,https://divar.ir/s/tehran/car?q=405
405,image_196.jpg,dataset\405\image_196.jpg,https://divar.ir/s/tehran/car?q=405
405,image_197.jpg,dataset\405\image_197.jpg,https://divar.ir/s/tehran/car?q=405
405,image_198.jpg,dataset\405\image_198.jpg,https://divar.ir/s/tehran/car?q=405
405,image_199.jpg,dataset\405\image_199.jpg,https://divar.ir/s/tehran/car?q=405
405,image_200.jpg,dataset\405\image_200.jpg,https://divar.ir/s/tehran/car?q=405
504,image_1.jpg,dataset\504\image_1.jpg,https://divar.ir/s/tehran/car?q=504%20%D9%BE%DA%98%D9%88
504,image_2.jpg,dataset\504\image_2.jpg,https://divar.ir/s/tehran/car?q=504%20%D9%BE%DA%98%D9%88
504,image_3.jpg,dataset\504\image_3.jpg,https://divar.ir/s/tehran/car?q=504%20%D9%BE%DA%98%D9%88
504,image_4.jpg,dataset\504\image_4.jpg,https://divar.ir/s/tehran/car?q=504%20%D9%BE%DA%98%D9%88
504,image_5.jpg,dataset\504\image_5.jpg,https://divar.ir/s/tehran/car?q=504%20%D9%BE%DA%98%D9%88
504,image_6.jpg,dataset\504\image_6.jpg,https://divar.ir/s/tehran/car?q=504%20%D9%BE%DA%98%D9%88
504,image_7.jpg,dataset\504\image_7.jpg,https://divar.ir/s/tehran/car?q=504%20%D9%BE%DA%98%D9%88
504,image_8.jpg,dataset\504\image_8.jpg,https://divar.ir/s/tehran/car?q=504%20%D9%BE%DA%98%D9%88
504,image_9.jpg,dataset\504\image_9.jpg,https://divar.ir/s/tehran/car?q=504%20%D9%BE%DA%98%D9%88
504,image_10.jpg,dataset\504\image_10.jpg,https://divar.ir/s/tehran/car?q=504%20%D9%BE%DA%98%D9%88
504,image_11.jpg,dataset\504\image_11.jpg,https://divar.ir/s/tehran/car?q=504%20%D9%BE%DA%98%D9%88
504,image_12.jpg,dataset\504\image_12.jpg,https://divar.ir/s/tehran/car?q=504%20%D9%BE%DA%98%D9%88
504,image_13.jpg,dataset\504\image_13.jpg,https://divar.ir/s/tehran/car?q=504%20%D9%BE%DA%98%D9%88
504,image_14.jpg,dataset\504\image_14.jpg,https://divar.ir/s/tehran/car?q=504%20%D9%BE%DA%98%D9%88
504,image_15.jpg,dataset\504\image_15.jpg,https://divar.ir/s/tehran/car?q=504%20%D9%BE%DA%98%D9%88
504,image_16.jpg,dataset\504\image_16.jpg,https://divar.ir/s/tehran/car?q=504%20%D9%BE%DA%98%D9%88
504,image_17.jpg,dataset\504\image_17.jpg,https://divar.ir/s/tehran/car?q=504%20%D9%BE%DA%98%D9%88
504,image_18.jpg,dataset\504\image_18.jpg,https://divar.ir/s/tehran/car?q=504%20%D9%BE%DA%98%D9%88
504,image_19.jpg,dataset\504\image_19.jpg,https://divar.ir/s/tehran/car?q=504%20%D9%BE%DA%98%D9%88
504,image_20.jpg,dataset\504\image_20.jpg,https://divar.ir/s/tehran/car?q=504%20%D9%BE%DA%98%D9%88
504,image_21.jpg,dataset\504\image_21.jpg,https://divar.ir/s/tehran/car?q=504%20%D9%BE%DA%98%D9%88
504,image_22.jpg,dataset\504\image_22.jpg,https://divar.ir/s/tehran/car?q=504%20%D9%BE%DA%98%D9%88
504,image_23.jpg,dataset\504\image_23.jpg,https://divar.ir/s/tehran/car?q=504%20%D9%BE%DA%98%D9%88
504,image_24.jpg,dataset\504\image_24.jpg,https://divar.ir/s/tehran/car?q=504%20%D9%BE%DA%98%D9%88
504,image_25.jpg,dataset\504\image_25.jpg,https://divar.ir/s/tehran/car?q=504%20%D9%BE%DA%98%D9%88
504,image_26.jpg,dataset\504\image_26.jpg,https://divar.ir/s/tehran/car?q=504%20%D9%BE%DA%98%D9%88
504,image_27.jpg,dataset\504\image_27.jpg,https://divar.ir/s/tehran/car?q=504%20%D9%BE%DA%98%D9%88
504,image_28.jpg,dataset\504\image_28.jpg,https://divar.ir/s/tehran/car?q=504%20%D9%BE%DA%98%D9%88
504,image_29.jpg,dataset\504\image_29.jpg,https://divar.ir/s/tehran/car?q=504%20%D9%BE%DA%98%D9%88
504,image_30.jpg,dataset\504\image_30.jpg,https://divar.ir/s/tehran/car?q=504%20%D9%BE%DA%98%D9%88
504,image_31.jpg,dataset\504\image_31.jpg,https://divar.ir/s/tehran/car?q=504%20%D9%BE%DA%98%D9%88
504,image_32.jpg,dataset\504\image_32.jpg,https://divar.ir/s/tehran/car?q=504%20%D9%BE%DA%98%D9%88
504,image_33.jpg,dataset\504\image_33.jpg,https://divar.ir/s/tehran/car?q=504%20%D9%BE%DA%98%D9%88
504,image_34.jpg,dataset\504\image_34.jpg,https://divar.ir/s/tehran/car?q=504%20%D9%BE%DA%98%D9%88
504,image_35.jpg,dataset\504\image_35.jpg,https://divar.ir/s/tehran/car?q=504%20%D9%BE%DA%98%D9%88
504,image_36.jpg,dataset\504\image_36.jpg,https://divar.ir/s/tehran/car?q=504%20%D9%BE%DA%98%D9%88
504,image_37.jpg,dataset\504\image_37.jpg,https://divar.ir/s/tehran/car?q=504%20%D9%BE%DA%98%D9%88
504,image_38.jpg,dataset\504\image_38.jpg,https://divar.ir/s/tehran/car?q=504%20%D9%BE%DA%98%D9%88
504,image_39.jpg,dataset\504\image_39.jpg,https://divar.ir/s/tehran/car?q=504%20%D9%BE%DA%98%D9%88
504,image_40.jpg,dataset\504\image_40.jpg,https://divar.ir/s/tehran/car?q=504%20%D9%BE%DA%98%D9%88
504,image_41.jpg,dataset\504\image_41.jpg,https://divar.ir/s/tehran/car?q=504%20%D9%BE%DA%98%D9%88
504,image_42.jpg,dataset\504\image_42.jpg,https://divar.ir/s/tehran/car?q=504%20%D9%BE%DA%98%D9%88
504,image_43.jpg,dataset\504\image_43.jpg,https://divar.ir/s/tehran/car?q=504%20%D9%BE%DA%98%D9%88
504,image_44.jpg,dataset\504\image_44.jpg,https://divar.ir/s/tehran/car?q=504%20%D9%BE%DA%98%D9%88
504,image_45.jpg,dataset\504\image_45.jpg,https://divar.ir/s/tehran/car?q=504%20%D9%BE%DA%98%D9%88
504,image_46.jpg,dataset\504\image_46.jpg,https://divar.ir/s/tehran/car?q=504%20%D9%BE%DA%98%D9%88
504,image_47.jpg,dataset\504\image_47.jpg,https://divar.ir/s/tehran/car?q=504%20%D9%BE%DA%98%D9%88
504,image_48.jpg,dataset\504\image_48.jpg,https://divar.ir/s/tehran/car?q=504%20%D9%BE%DA%98%D9%88
504,image_49.jpg,dataset\504\image_49.jpg,https://divar.ir/s/tehran/car?q=504%20%D9%BE%DA%98%D9%88
504,image_50.jpg,dataset\504\image_50.jpg,https://divar.ir/s/tehran/car?q=504%20%D9%BE%DA%98%D9%88
504,image_51.jpg,dataset\504\image_51.jpg,https://divar.ir/s/tehran/car?q=504%20%D9%BE%DA%98%D9%88
504,image_52.jpg,dataset\504\image_52.jpg,https://divar.ir/s/tehran/car?q=504%20%D9%BE%DA%98%D9%88
504,image_53.jpg,dataset\504\image_53.jpg,https://divar.ir/s/tehran/car?q=504%20%D9%BE%DA%98%D9%88
504,image_54.jpg,dataset\504\image_54.jpg,https://divar.ir/s/tehran/car?q=504%20%D9%BE%DA%98%D9%88
504,image_55.jpg,dataset\504\image_55.jpg,https://divar.ir/s/tehran/car?q=504%20%D9%BE%DA%98%D9%88
504,image_56.jpg,dataset\504\image_56.jpg,https://divar.ir/s/tehran/car?q=504%20%D9%BE%DA%98%D9%88
504,image_57.jpg,dataset\504\image_57.jpg,https://divar.ir/s/tehran/car?q=504%20%D9%BE%DA%98%D9%88
504,image_58.jpg,dataset\504\image_58.jpg,https://divar.ir/s/tehran/car?q=504%20%D9%BE%DA%98%D9%88
504,image_59.jpg,dataset\504\image_59.jpg,https://divar.ir/s/tehran/car?q=504%20%D9%BE%DA%98%D9%88
504,image_60.jpg,dataset\504\image_60.jpg,https://divar.ir/s/tehran/car?q=504%20%D9%BE%DA%98%D9%88
504,image_61.jpg,dataset\504\image_61.jpg,https://divar.ir/s/tehran/car?q=504%20%D9%BE%DA%98%D9%88
504,image_62.jpg,dataset\504\image_62.jpg,https://divar.ir/s/tehran/car?q=504%20%D9%BE%DA%98%D9%88
504,image_63.jpg,dataset\504\image_63.jpg,https://divar.ir/s/tehran/car?q=504%20%D9%BE%DA%98%D9%88
504,image_64.jpg,dataset\504\image_64.jpg,https://divar.ir/s/tehran/car?q=504%20%D9%BE%DA%98%D9%88
504,image_65.jpg,dataset\504\image_65.jpg,https://divar.ir/s/tehran/car?q=504%20%D9%BE%DA%98%D9%88
504,image_66.jpg,dataset\504\image_66.jpg,https://divar.ir/s/tehran/car?q=504%20%D9%BE%DA%98%D9%88
504,image_67.jpg,dataset\504\image_67.jpg,https://divar.ir/s/tehran/car?q=504%20%D9%BE%DA%98%D9%88
504,image_68.jpg,dataset\504\image_68.jpg,https://divar.ir/s/tehran/car?q=504%20%D9%BE%DA%98%D9%88
504,image_69.jpg,dataset\504\image_69.jpg,https://divar.ir/s/tehran/car?q=504%20%D9%BE%DA%98%D9%88
504,image_70.jpg,dataset\504\image_70.jpg,https://divar.ir/s/tehran/car?q=504%20%D9%BE%DA%98%D9%88
504,image_71.jpg,dataset\504\image_71.jpg,https://divar.ir/s/tehran/car?q=504%20%D9%BE%DA%98%D9%88
504,image_72.jpg,dataset\504\image_72.jpg,https://divar.ir/s/tehran/car?q=504%20%D9%BE%DA%98%D9%88
504,image_73.jpg,dataset\504\image_73.jpg,https://divar.ir/s/tehran/car?q=504%20%D9%BE%DA%98%D9%88
504,image_74.jpg,dataset\504\image_74.jpg,https://divar.ir/s/tehran/car?q=504%20%D9%BE%DA%98%D9%88
504,image_75.jpg,dataset\504\image_75.jpg,https://divar.ir/s/tehran/car?q=504%20%D9%BE%DA%98%D9%88
504,image_76.jpg,dataset\504\image_76.jpg,https://divar.ir/s/tehran/car?q=504%20%D9%BE%DA%98%D9%88
504,image_77.jpg,dataset\504\image_77.jpg,https://divar.ir/s/tehran/car?q=504%20%D9%BE%DA%98%D9%88
504,image_78.jpg,dataset\504\image_78.jpg,https://divar.ir/s/tehran/car?q=504%20%D9%BE%DA%98%D9%88
504,image_79.jpg,dataset\504\image_79.jpg,https://divar.ir/s/tehran/car?q=504%20%D9%BE%DA%98%D9%88
504,image_80.jpg,dataset\504\image_80.jpg,https://divar.ir/s/tehran/car?q=504%20%D9%BE%DA%98%D9%88
504,image_81.jpg,dataset\504\image_81.jpg,https://divar.ir/s/tehran/car?q=504%20%D9%BE%DA%98%D9%88
504,image_82.jpg,dataset\504\image_82.jpg,https://divar.ir/s/tehran/car?q=504%20%D9%BE%DA%98%D9%88
504,image_83.jpg,dataset\504\image_83.jpg,https://divar.ir/s/tehran/car?q=504%20%D9%BE%DA%98%D9%88
504,image_84.jpg,dataset\504\image_84.jpg,https://divar.ir/s/tehran/car?q=504%20%D9%BE%DA%98%D9%88
504,image_85.jpg,dataset\504\image_85.jpg,https://divar.ir/s/tehran/car?q=504%20%D9%BE%DA%98%D9%88
504,image_86.jpg,dataset\504\image_86.jpg,https://divar.ir/s/tehran/car?q=504%20%D9%BE%DA%98%D9%88
504,image_87.jpg,dataset\504\image_87.jpg,https://divar.ir/s/tehran/car?q=504%20%D9%BE%DA%98%D9%88
504,image_88.jpg,dataset\504\image_88.jpg,https://divar.ir/s/tehran/car?q=504%20%D9%BE%DA%98%D9%88
504,image_89.jpg,dataset\504\image_89.jpg,https://divar.ir/s/tehran/car?q=504%20%D9%BE%DA%98%D9%88
504,image_90.jpg,dataset\504\image_90.jpg,https://divar.ir/s/tehran/car?q=504%20%D9%BE%DA%98%D9%88
504,image_91.jpg,dataset\504\image_91.jpg,https://divar.ir/s/tehran/car?q=504%20%D9%BE%DA%98%D9%88
504,image_92.jpg,dataset\504\image_92.jpg,https://divar.ir/s/tehran/car?q=504%20%D9%BE%DA%98%D9%88
Dena,image_1.jpg,dataset\Dena\image_1.jpg,https://divar.ir/s/tehran/car?q=dena
Dena,image_2.jpg,dataset\Dena\image_2.jpg,https://divar.ir/s/tehran/car?q=dena
Dena,image_3.jpg,dataset\Dena\image_3.jpg,https://divar.ir/s/tehran/car?q=dena
Dena,image_4.jpg,dataset\Dena\image_4.jpg,https://divar.ir/s/tehran/car?q=dena
Dena,image_5.jpg,dataset\Dena\image_5.jpg,https://divar.ir/s/tehran/car?q=dena
Dena,image_6.jpg,dataset\Dena\image_6.jpg,https://divar.ir/s/tehran/car?q=dena
Dena,image_7.jpg,dataset\Dena\image_7.jpg,https://divar.ir/s/tehran/car?q=dena
Dena,image_8.jpg,dataset\Dena\image_8.jpg,https://divar.ir/s/tehran/car?q=dena
Dena,image_9.jpg,dataset\Dena\image_9.jpg,https://divar.ir/s/tehran/car?q=dena
Dena,image_10.jpg,dataset\Dena\image_10.jpg,https://divar.ir/s/tehran/car?q=dena
Dena,image_11.jpg,dataset\Dena\image_11.jpg,https://divar.ir/s/tehran/car?q=dena
Dena,image_12.jpg,dataset\Dena\image_12.jpg,https://divar.ir/s/tehran/car?q=dena
Dena,image_13.jpg,dataset\Dena\image_13.jpg,https://divar.ir/s/tehran/car?q=dena
Dena,image_14.jpg,dataset\Dena\image_14.jpg,https://divar.ir/s/tehran/car?q=dena
Dena,image_15.jpg,dataset\Dena\image_15.jpg,https://divar.ir/s/tehran/car?q=dena
Dena,image_16.jpg,dataset\Dena\image_16.jpg,https://divar.ir/s/tehran/car?q=dena
Dena,image_17.jpg,dataset\Dena\image_17.jpg,https://divar.ir/s/tehran/car?q=dena
Dena,image_18.jpg,dataset\Dena\image_18.jpg,https://divar.ir/s/tehran/car?q=dena
Dena,image_19.jpg,dataset\Dena\image_19.jpg,https://divar.ir/s/tehran/car?q=dena
Dena,image_20.jpg,dataset\Dena\image_20.jpg,https://divar.ir/s/tehran/car?q=dena
Dena,image_21.jpg,dataset\Dena\image_21.jpg,https://divar.ir/s/tehran/car?q=dena
Dena,image_22.jpg,dataset\Dena\image_22.jpg,https://divar.ir/s/tehran/car?q=dena
Dena,image_23.jpg,dataset\Dena\image_23.jpg,https://divar.ir/s/tehran/car?q=dena
Dena,image_24.jpg,dataset\Dena\image_24.jpg,https://divar.ir/s/tehran/car?q=dena
Dena,image_25.jpg,dataset\Dena\image_25.jpg,https://divar.ir/s/tehran/car?q=dena
Dena,image_26.jpg,dataset\Dena\image_26.jpg,https://divar.ir/s/tehran/car?q=dena
Dena,image_27.jpg,dataset\Dena\image_27.jpg,https://divar.ir/s/tehran/car?q=dena
Dena,image_28.jpg,dataset\Dena\image_28.jpg,https://divar.ir/s/tehran/car?q=dena
Dena,image_29.jpg,dataset\Dena\image_29.jpg,https://divar.ir/s/tehran/car?q=dena
Dena,image_30.jpg,dataset\Dena\image_30.jpg,https://divar.ir/s/tehran/car?q=dena
Dena,image_31.jpg,dataset\Dena\image_31.jpg,https://divar.ir/s/tehran/car?q=dena
Dena,image_32.jpg,dataset\Dena\image_32.jpg,https://divar.ir/s/tehran/car?q=dena
Dena,image_33.jpg,dataset\Dena\image_33.jpg,https://divar.ir/s/tehran/car?q=dena
Dena,image_34.jpg,dataset\Dena\image_34.jpg,https://divar.ir/s/tehran/car?q=dena
Dena,image_35.jpg,dataset\Dena\image_35.jpg,https://divar.ir/s/tehran/car?q=dena
Dena,image_36.jpg,dataset\Dena\image_36.jpg,https://divar.ir/s/tehran/car?q=dena
Dena,image_37.jpg,dataset\Dena\image_37.jpg,https://divar.ir/s/tehran/car?q=dena
Dena,image_38.jpg,dataset\Dena\image_38.jpg,https://divar.ir/s/tehran/car?q=dena
Dena,image_39.jpg,dataset\Dena\image_39.jpg,https://divar.ir/s/tehran/car?q=dena
Dena,image_40.jpg,dataset\Dena\image_40.jpg,https://divar.ir/s/tehran/car?q=dena
Dena,image_41.jpg,dataset\Dena\image_41.jpg,https://divar.ir/s/tehran/car?q=dena
Dena,image_42.jpg,dataset\Dena\image_42.jpg,https://divar.ir/s/tehran/car?q=dena
Dena,image_43.jpg,dataset\Dena\image_43.jpg,https://divar.ir/s/tehran/car?q=dena
Dena,image_44.jpg,dataset\Dena\image_44.jpg,https://divar.ir/s/tehran/car?q=dena
Dena,image_45.jpg,dataset\Dena\image_45.jpg,https://divar.ir/s/tehran/car?q=dena
Dena,image_46.jpg,dataset\Dena\image_46.jpg,https://divar.ir/s/tehran/car?q=dena
Dena,image_47.jpg,dataset\Dena\image_47.jpg,https://divar.ir/s/tehran/car?q=dena
Dena,image_48.jpg,dataset\Dena\image_48.jpg,https://divar.ir/s/tehran/car?q=dena
Dena,image_49.jpg,dataset\Dena\image_49.jpg,https://divar.ir/s/tehran/car?q=dena
Dena,image_50.jpg,dataset\Dena\image_50.jpg,https://divar.ir/s/tehran/car?q=dena
Dena,image_51.jpg,dataset\Dena\image_51.jpg,https://divar.ir/s/tehran/car?q=dena
Dena,image_52.jpg,dataset\Dena\image_52.jpg,https://divar.ir/s/tehran/car?q=dena
Dena,image_53.jpg,dataset\Dena\image_53.jpg,https://divar.ir/s/tehran/car?q=dena
Dena,image_54.jpg,dataset\Dena\image_54.jpg,https://divar.ir/s/tehran/car?q=dena
Dena,image_55.jpg,dataset\Dena\image_55.jpg,https://divar.ir/s/tehran/car?q=dena
Dena,image_56.jpg,dataset\Dena\image_56.jpg,https://divar.ir/s/tehran/car?q=dena
Dena,image_57.jpg,dataset\Dena\image_57.jpg,https://divar.ir/s/tehran/car?q=dena
Dena,image_58.jpg,dataset\Dena\image_58.jpg,https://divar.ir/s/tehran/car?q=dena
Dena,image_59.jpg,dataset\Dena\image_59.jpg,https://divar.ir/s/tehran/car?q=dena
Dena,image_60.jpg,dataset\Dena\image_60.jpg,https://divar.ir/s/tehran/car?q=dena
Dena,image_61.jpg,dataset\Dena\image_61.jpg,https://divar.ir/s/tehran/car?q=dena
Dena,image_62.jpg,dataset\Dena\image_62.jpg,https://divar.ir/s/tehran/car?q=dena
Dena,image_63.jpg,dataset\Dena\image_63.jpg,https://divar.ir/s/tehran/car?q=dena
Dena,image_64.jpg,dataset\Dena\image_64.jpg,https://divar.ir/s/tehran/car?q=dena
Dena,image_65.jpg,dataset\Dena\image_65.jpg,https://divar.ir/s/tehran/car?q=dena
Dena,image_66.jpg,dataset\Dena\image_66.jpg,https://divar.ir/s/tehran/car?q=dena
Dena,image_67.jpg,dataset\Dena\image_67.jpg,https://divar.ir/s/tehran/car?q=dena
Dena,image_68.jpg,dataset\Dena\image_68.jpg,https://divar.ir/s/tehran/car?q=dena
Dena,image_69.jpg,dataset\Dena\image_69.jpg,https://divar.ir/s/tehran/car?q=dena
Dena,image_70.jpg,dataset\Dena\image_70.jpg,https://divar.ir/s/tehran/car?q=dena
Dena,image_71.jpg,dataset\Dena\image_71.jpg,https://divar.ir/s/tehran/car?q=dena
Dena,image_72.jpg,dataset\Dena\image_72.jpg,https://divar.ir/s/tehran/car?q=dena
Dena,image_73.jpg,dataset\Dena\image_73.jpg,https://divar.ir/s/tehran/car?q=dena
Dena,image_74.jpg,dataset\Dena\image_74.jpg,https://divar.ir/s/tehran/car?q=dena
Dena,image_75.jpg,dataset\Dena\image_75.jpg,https://divar.ir/s/tehran/car?q=dena
Dena,image_76.jpg,dataset\Dena\image_76.jpg,https://divar.ir/s/tehran/car?q=dena
Dena,image_77.jpg,dataset\Dena\image_77.jpg,https://divar.ir/s/tehran/car?q=dena
Dena,image_78.jpg,dataset\Dena\image_78.jpg,https://divar.ir/s/tehran/car?q=dena
Dena,image_79.jpg,dataset\Dena\image_79.jpg,https://divar.ir/s/tehran/car?q=dena
Dena,image_80.jpg,dataset\Dena\image_80.jpg,https://divar.ir/s/tehran/car?q=dena
Dena,image_81.jpg,dataset\Dena\image_81.jpg,https://divar.ir/s/tehran/car?q=dena
Dena,image_82.jpg,dataset\Dena\image_82.jpg,https://divar.ir/s/tehran/car?q=dena
Dena,image_83.jpg,dataset\Dena\image_83.jpg,https://divar.ir/s/tehran/car?q=dena
Dena,image_84.jpg,dataset\Dena\image_84.jpg,https://divar.ir/s/tehran/car?q=dena
Dena,image_85.jpg,dataset\Dena\image_85.jpg,https://divar.ir/s/tehran/car?q=dena
Dena,image_86.jpg,dataset\Dena\image_86.jpg,https://divar.ir/s/tehran/car?q=dena
Dena,image_87.jpg,dataset\Dena\image_87.jpg,https://divar.ir/s/tehran/car?q=dena
Dena,image_88.jpg,dataset\Dena\image_88.jpg,https://divar.ir/s/tehran/car?q=dena
Dena,image_89.jpg,dataset\Dena\image_89.jpg,https://divar.ir/s/tehran/car?q=dena
Dena,image_90.jpg,dataset\Dena\image_90.jpg,https://divar.ir/s/tehran/car?q=dena
Dena,image_91.jpg,dataset\Dena\image_91.jpg,https://divar.ir/s/tehran/car?q=dena
Dena,image_92.jpg,dataset\Dena\image_92.jpg,https://divar.ir/s/tehran/car?q=dena
Dena,image_93.jpg,dataset\Dena\image_93.jpg,https://divar.ir/s/tehran/car?q=dena
Dena,image_94.jpg,dataset\Dena\image_94.jpg,https://divar.ir/s/tehran/car?q=dena
Dena,image_95.jpg,dataset\Dena\image_95.jpg,https://divar.ir/s/tehran/car?q=dena
Dena,image_96.jpg,dataset\Dena\image_96.jpg,https://divar.ir/s/tehran/car?q=dena
Dena,image_97.jpg,dataset\Dena\image_97.jpg,https://divar.ir/s/tehran/car?q=dena
Dena,image_98.jpg,dataset\Dena\image_98.jpg,https://divar.ir/s/tehran/car?q=dena
Dena,image_99.jpg,dataset\Dena\image_99.jpg,https://divar.ir/s/tehran/car?q=dena
Dena,image_100.jpg,dataset\Dena\image_100.jpg,https://divar.ir/s/tehran/car?q=dena
Dena,image_101.jpg,dataset\Dena\image_101.jpg,https://divar.ir/s/tehran/car?q=dena
Dena,image_102.jpg,dataset\Dena\image_102.jpg,https://divar.ir/s/tehran/car?q=dena
Dena,image_103.jpg,dataset\Dena\image_103.jpg,https://divar.ir/s/tehran/car?q=dena
Dena,image_104.jpg,dataset\Dena\image_104.jpg,https://divar.ir/s/tehran/car?q=dena
Dena,image_105.jpg,dataset\Dena\image_105.jpg,https://divar.ir/s/tehran/car?q=dena
Dena,image_106.jpg,dataset\Dena\image_106.jpg,https://divar.ir/s/tehran/car?q=dena
Dena,image_107.jpg,dataset\Dena\image_107.jpg,https://divar.ir/s/tehran/car?q=dena
Dena,image_108.jpg,dataset\Dena\image_108.jpg,https://divar.ir/s/tehran/car?q=dena
Dena,image_109.jpg,dataset\Dena\image_109.jpg,https://divar.ir/s/tehran/car?q=dena
Dena,image_110.jpg,dataset\Dena\image_110.jpg,https://divar.ir/s/tehran/car?q=dena
Dena,image_111.jpg,dataset\Dena\image_111.jpg,https://divar.ir/s/tehran/car?q=dena
Dena,image_112.jpg,dataset\Dena\image_112.jpg,https://divar.ir/s/tehran/car?q=dena
Dena,image_113.jpg,dataset\Dena\image_113.jpg,https://divar.ir/s/tehran/car?q=dena
Dena,image_114.jpg,dataset\Dena\image_114.jpg,https://divar.ir/s/tehran/car?q=dena
Dena,image_115.jpg,dataset\Dena\image_115.jpg,https://divar.ir/s/tehran/car?q=dena
Dena,image_116.jpg,dataset\Dena\image_116.jpg,https://divar.ir/s/tehran/car?q=dena
Dena,image_117.jpg,dataset\Dena\image_117.jpg,https://divar.ir/s/tehran/car?q=dena
Dena,image_118.jpg,dataset\Dena\image_118.jpg,https://divar.ir/s/tehran/car?q=dena
Dena,image_119.jpg,dataset\Dena\image_119.jpg,https://divar.ir/s/tehran/car?q=dena
Dena,image_120.jpg,dataset\Dena\image_120.jpg,https://divar.ir/s/tehran/car?q=dena
Dena,image_121.jpg,dataset\Dena\image_121.jpg,https://divar.ir/s/tehran/car?q=dena
Dena,image_122.jpg,dataset\Dena\image_122.jpg,https://divar.ir/s/tehran/car?q=dena
Dena,image_123.jpg,dataset\Dena\image_123.jpg,https://divar.ir/s/tehran/car?q=dena
Dena,image_124.jpg,dataset\Dena\image_124.jpg,https://divar.ir/s/tehran/car?q=dena
Dena,image_125.jpg,dataset\Dena\image_125.jpg,https://divar.ir/s/tehran/car?q=dena
Dena,image_126.jpg,dataset\Dena\image_126.jpg,https://divar.ir/s/tehran/car?q=dena
Dena,image_127.jpg,dataset\Dena\image_127.jpg,https://divar.ir/s/tehran/car?q=dena
Dena,image_128.jpg,dataset\Dena\image_128.jpg,https://divar.ir/s/tehran/car?q=dena
Dena,image_129.jpg,dataset\Dena\image_129.jpg,https://divar.ir/s/tehran/car?q=dena
Dena,image_130.jpg,dataset\Dena\image_130.jpg,https://divar.ir/s/tehran/car?q=dena
Dena,image_131.jpg,dataset\Dena\image_131.jpg,https://divar.ir/s/tehran/car?q=dena
Dena,image_132.jpg,dataset\Dena\image_132.jpg,https://divar.ir/s/tehran/car?q=dena
Dena,image_133.jpg,dataset\Dena\image_133.jpg,https://divar.ir/s/tehran/car?q=dena
Dena,image_134.jpg,dataset\Dena\image_134.jpg,https://divar.ir/s/tehran/car?q=dena
Dena,image_135.jpg,dataset\Dena\image_135.jpg,https://divar.ir/s/tehran/car?q=dena
Dena,image_136.jpg,dataset\Dena\image_136.jpg,https://divar.ir/s/tehran/car?q=dena
Dena,image_137.jpg,dataset\Dena\image_137.jpg,https://divar.ir/s/tehran/car?q=dena
Dena,image_138.jpg,dataset\Dena\image_138.jpg,https://divar.ir/s/tehran/car?q=dena
Dena,image_139.jpg,dataset\Dena\image_139.jpg,https://divar.ir/s/tehran/car?q=dena
Dena,image_140.jpg,dataset\Dena\image_140.jpg,https://divar.ir/s/tehran/car?q=dena
Dena,image_141.jpg,dataset\Dena\image_141.jpg,https://divar.ir/s/tehran/car?q=dena
Dena,image_142.jpg,dataset\Dena\image_142.jpg,https://divar.ir/s/tehran/car?q=dena
Dena,image_143.jpg,dataset\Dena\image_143.jpg,https://divar.ir/s/tehran/car?q=dena
Dena,image_144.jpg,dataset\Dena\image_144.jpg,https://divar.ir/s/tehran/car?q=dena
Dena,image_145.jpg,dataset\Dena\image_145.jpg,https://divar.ir/s/tehran/car?q=dena
Dena,image_146.jpg,dataset\Dena\image_146.jpg,https://divar.ir/s/tehran/car?q=dena
Dena,image_147.jpg,dataset\Dena\image_147.jpg,https://divar.ir/s/tehran/car?q=dena
Dena,image_148.jpg,dataset\Dena\image_148.jpg,https://divar.ir/s/tehran/car?q=dena
Dena,image_149.jpg,dataset\Dena\image_149.jpg,https://divar.ir/s/tehran/car?q=dena
Dena,image_150.jpg,dataset\Dena\image_150.jpg,https://divar.ir/s/tehran/car?q=dena
Dena,image_151.jpg,dataset\Dena\image_151.jpg,https://divar.ir/s/tehran/car?q=dena
Dena,image_152.jpg,dataset\Dena\image_152.jpg,https://divar.ir/s/tehran/car?q=dena
Dena,image_153.jpg,dataset\Dena\image_153.jpg,https://divar.ir/s/tehran/car?q=dena
Dena,image_154.jpg,dataset\Dena\image_154.jpg,https://divar.ir/s/tehran/car?q=dena
Dena,image_155.jpg,dataset\Dena\image_155.jpg,https://divar.ir/s/tehran/car?q=dena
Dena,image_156.jpg,dataset\Dena\image_156.jpg,https://divar.ir/s/tehran/car?q=dena
Dena,image_157.jpg,dataset\Dena\image_157.jpg,https://divar.ir/s/tehran/car?q=dena
Dena,image_158.jpg,dataset\Dena\image_158.jpg,https://divar.ir/s/tehran/car?q=dena
Dena,image_159.jpg,dataset\Dena\image_159.jpg,https://divar.ir/s/tehran/car?q=dena
Dena,image_160.jpg,dataset\Dena\image_160.jpg,https://divar.ir/s/tehran/car?q=dena
Dena,image_161.jpg,dataset\Dena\image_161.jpg,https://divar.ir/s/tehran/car?q=dena
Dena,image_162.jpg,dataset\Dena\image_162.jpg,https://divar.ir/s/tehran/car?q=dena
Dena,image_163.jpg,dataset\Dena\image_163.jpg,https://divar.ir/s/tehran/car?q=dena
Dena,image_164.jpg,dataset\Dena\image_164.jpg,https://divar.ir/s/tehran/car?q=dena
Dena,image_165.jpg,dataset\Dena\image_165.jpg,https://divar.ir/s/tehran/car?q=dena
Dena,image_166.jpg,dataset\Dena\image_166.jpg,https://divar.ir/s/tehran/car?q=dena
Dena,image_167.jpg,dataset\Dena\image_167.jpg,https://divar.ir/s/tehran/car?q=dena
Dena,image_168.jpg,dataset\Dena\image_168.jpg,https://divar.ir/s/tehran/car?q=dena
Dena,image_169.jpg,dataset\Dena\image_169.jpg,https://divar.ir/s/tehran/car?q=dena
Dena,image_170.jpg,dataset\Dena\image_170.jpg,https://divar.ir/s/tehran/car?q=dena
Dena,image_171.jpg,dataset\Dena\image_171.jpg,https://divar.ir/s/tehran/car?q=dena
Dena,image_172.jpg,dataset\Dena\image_172.jpg,https://divar.ir/s/tehran/car?q=dena
Dena,image_173.jpg,dataset\Dena\image_173.jpg,https://divar.ir/s/tehran/car?q=dena
Dena,image_174.jpg,dataset\Dena\image_174.jpg,https://divar.ir/s/tehran/car?q=dena
Dena,image_175.jpg,dataset\Dena\image_175.jpg,https://divar.ir/s/tehran/car?q=dena
Dena,image_176.jpg,dataset\Dena\image_176.jpg,https://divar.ir/s/tehran/car?q=dena
Dena,image_177.jpg,dataset\Dena\image_177.jpg,https://divar.ir/s/tehran/car?q=dena
Dena,image_178.jpg,dataset\Dena\image_178.jpg,https://divar.ir/s/tehran/car?q=dena
Dena,image_179.jpg,dataset\Dena\image_179.jpg,https://divar.ir/s/tehran/car?q=dena
Dena,image_180.jpg,dataset\Dena\image_180.jpg,https://divar.ir/s/tehran/car?q=dena
Dena,image_181.jpg,dataset\Dena\image_181.jpg,https://divar.ir/s/tehran/car?q=dena
Dena,image_182.jpg,dataset\Dena\image_182.jpg,https://divar.ir/s/tehran/car?q=dena
Dena,image_183.jpg,dataset\Dena\image_183.jpg,https://divar.ir/s/tehran/car?q=dena
Dena,image_184.jpg,dataset\Dena\image_184.jpg,https://divar.ir/s/tehran/car?q=dena
Dena,image_185.jpg,dataset\Dena\image_185.jpg,https://divar.ir/s/tehran/car?q=dena
Dena,image_186.jpg,dataset\Dena\image_186.jpg,https://divar.ir/s/tehran/car?q=dena
Dena,image_187.jpg,dataset\Dena\image_187.jpg,https://divar.ir/s/tehran/car?q=dena
Dena,image_188.jpg,dataset\Dena\image_188.jpg,https://divar.ir/s/tehran/car?q=dena
Dena,image_189.jpg,dataset\Dena\image_189.jpg,https://divar.ir/s/tehran/car?q=dena
Dena,image_190.jpg,dataset\Dena\image_190.jpg,https://divar.ir/s/tehran/car?q=dena
Dena,image_191.jpg,dataset\Dena\image_191.jpg,https://divar.ir/s/tehran/car?q=dena
Dena,image_192.jpg,dataset\Dena\image_192.jpg,https://divar.ir/s/tehran/car?q=dena
Dena,image_193.jpg,dataset\Dena\image_193.jpg,https://divar.ir/s/tehran/car?q=dena
Dena,image_194.jpg,dataset\Dena\image_194.jpg,https://divar.ir/s/tehran/car?q=dena
Dena,image_195.jpg,dataset\Dena\image_195.jpg,https://divar.ir/s/tehran/car?q=dena
Dena,image_196.jpg,dataset\Dena\image_196.jpg,https://divar.ir/s/tehran/car?q=dena
Dena,image_197.jpg,dataset\Dena\image_197.jpg,https://divar.ir/s/tehran/car?q=dena
Dena,image_198.jpg,dataset\Dena\image_198.jpg,https://divar.ir/s/tehran/car?q=dena
Dena,image_199.jpg,dataset\Dena\image_199.jpg,https://divar.ir/s/tehran/car?q=dena
Dena,image_200.jpg,dataset\Dena\image_200.jpg,https://divar.ir/s/tehran/car?q=dena
L90,image_1.jpg,dataset\L90\image_1.jpg,https://divar.ir/s/tehran/car?q=L90
L90,image_2.jpg,dataset\L90\image_2.jpg,https://divar.ir/s/tehran/car?q=L90
L90,image_3.jpg,dataset\L90\image_3.jpg,https://divar.ir/s/tehran/car?q=L90
L90,image_4.jpg,dataset\L90\image_4.jpg,https://divar.ir/s/tehran/car?q=L90
L90,image_5.jpg,dataset\L90\image_5.jpg,https://divar.ir/s/tehran/car?q=L90
L90,image_6.jpg,dataset\L90\image_6.jpg,https://divar.ir/s/tehran/car?q=L90
L90,image_7.jpg,dataset\L90\image_7.jpg,https://divar.ir/s/tehran/car?q=L90
L90,image_8.jpg,dataset\L90\image_8.jpg,https://divar.ir/s/tehran/car?q=L90
L90,image_9.jpg,dataset\L90\image_9.jpg,https://divar.ir/s/tehran/car?q=L90
L90,image_10.jpg,dataset\L90\image_10.jpg,https://divar.ir/s/tehran/car?q=L90
L90,image_11.jpg,dataset\L90\image_11.jpg,https://divar.ir/s/tehran/car?q=L90
L90,image_12.jpg,dataset\L90\image_12.jpg,https://divar.ir/s/tehran/car?q=L90
L90,image_13.jpg,dataset\L90\image_13.jpg,https://divar.ir/s/tehran/car?q=L90
L90,image_14.jpg,dataset\L90\image_14.jpg,https://divar.ir/s/tehran/car?q=L90
L90,image_15.jpg,dataset\L90\image_15.jpg,https://divar.ir/s/tehran/car?q=L90
L90,image_16.jpg,dataset\L90\image_16.jpg,https://divar.ir/s/tehran/car?q=L90
L90,image_17.jpg,dataset\L90\image_17.jpg,https://divar.ir/s/tehran/car?q=L90
L90,image_18.jpg,dataset\L90\image_18.jpg,https://divar.ir/s/tehran/car?q=L90
L90,image_19.jpg,dataset\L90\image_19.jpg,https://divar.ir/s/tehran/car?q=L90
L90,image_20.jpg,dataset\L90\image_20.jpg,https://divar.ir/s/tehran/car?q=L90
L90,image_21.jpg,dataset\L90\image_21.jpg,https://divar.ir/s/tehran/car?q=L90
L90,image_22.jpg,dataset\L90\image_22.jpg,https://divar.ir/s/tehran/car?q=L90
L90,image_23.jpg,dataset\L90\image_23.jpg,https://divar.ir/s/tehran/car?q=L90
L90,image_24.jpg,dataset\L90\image_24.jpg,https://divar.ir/s/tehran/car?q=L90
L90,image_25.jpg,dataset\L90\image_25.jpg,https://divar.ir/s/tehran/car?q=L90
L90,image_26.jpg,dataset\L90\image_26.jpg,https://divar.ir/s/tehran/car?q=L90
L90,image_27.jpg,dataset\L90\image_27.jpg,https://divar.ir/s/tehran/car?q=L90
L90,image_28.jpg,dataset\L90\image_28.jpg,https://divar.ir/s/tehran/car?q=L90
L90,image_29.jpg,dataset\L90\image_29.jpg,https://divar.ir/s/tehran/car?q=L90
L90,image_30.jpg,dataset\L90\image_30.jpg,https://divar.ir/s/tehran/car?q=L90
L90,image_31.jpg,dataset\L90\image_31.jpg,https://divar.ir/s/tehran/car?q=L90
L90,image_32.jpg,dataset\L90\image_32.jpg,https://divar.ir/s/tehran/car?q=L90
L90,image_33.jpg,dataset\L90\image_33.jpg,https://divar.ir/s/tehran/car?q=L90
L90,image_34.jpg,dataset\L90\image_34.jpg,https://divar.ir/s/tehran/car?q=L90
L90,image_35.jpg,dataset\L90\image_35.jpg,https://divar.ir/s/tehran/car?q=L90
L90,image_36.jpg,dataset\L90\image_36.jpg,https://divar.ir/s/tehran/car?q=L90
L90,image_37.jpg,dataset\L90\image_37.jpg,https://divar.ir/s/tehran/car?q=L90
L90,image_38.jpg,dataset\L90\image_38.jpg,https://divar.ir/s/tehran/car?q=L90
L90,image_39.jpg,dataset\L90\image_39.jpg,https://divar.ir/s/tehran/car?q=L90
L90,image_40.jpg,dataset\L90\image_40.jpg,https://divar.ir/s/tehran/car?q=L90
L90,image_41.jpg,dataset\L90\image_41.jpg,https://divar.ir/s/tehran/car?q=L90
L90,image_42.jpg,dataset\L90\image_42.jpg,https://divar.ir/s/tehran/car?q=L90
L90,image_43.jpg,dataset\L90\image_43.jpg,https://divar.ir/s/tehran/car?q=L90
L90,image_44.jpg,dataset\L90\image_44.jpg,https://divar.ir/s/tehran/car?q=L90
L90,image_45.jpg,dataset\L90\image_45.jpg,https://divar.ir/s/tehran/car?q=L90
L90,image_46.jpg,dataset\L90\image_46.jpg,https://divar.ir/s/tehran/car?q=L90
L90,image_47.jpg,dataset\L90\image_47.jpg,https://divar.ir/s/tehran/car?q=L90
L90,image_48.jpg,dataset\L90\image_48.jpg,https://divar.ir/s/tehran/car?q=L90
L90,image_49.jpg,dataset\L90\image_49.jpg,https://divar.ir/s/tehran/car?q=L90
L90,image_50.jpg,dataset\L90\image_50.jpg,https://divar.ir/s/tehran/car?q=L90
L90,image_51.jpg,dataset\L90\image_51.jpg,https://divar.ir/s/tehran/car?q=L90
L90,image_52.jpg,dataset\L90\image_52.jpg,https://divar.ir/s/tehran/car?q=L90
L90,image_53.jpg,dataset\L90\image_53.jpg,https://divar.ir/s/tehran/car?q=L90
L90,image_54.jpg,dataset\L90\image_54.jpg,https://divar.ir/s/tehran/car?q=L90
L90,image_55.jpg,dataset\L90\image_55.jpg,https://divar.ir/s/tehran/car?q=L90
L90,image_56.jpg,dataset\L90\image_56.jpg,https://divar.ir/s/tehran/car?q=L90
L90,image_57.jpg,dataset\L90\image_57.jpg,https://divar.ir/s/tehran/car?q=L90
L90,image_58.jpg,dataset\L90\image_58.jpg,https://divar.ir/s/tehran/car?q=L90
L90,image_59.jpg,dataset\L90\image_59.jpg,https://divar.ir/s/tehran/car?q=L90
L90,image_60.jpg,dataset\L90\image_60.jpg,https://divar.ir/s/tehran/car?q=L90
L90,image_61.jpg,dataset\L90\image_61.jpg,https://divar.ir/s/tehran/car?q=L90
L90,image_62.jpg,dataset\L90\image_62.jpg,https://divar.ir/s/tehran/car?q=L90
L90,image_63.jpg,dataset\L90\image_63.jpg,https://divar.ir/s/tehran/car?q=L90
L90,image_64.jpg,dataset\L90\image_64.jpg,https://divar.ir/s/tehran/car?q=L90
L90,image_65.jpg,dataset\L90\image_65.jpg,https://divar.ir/s/tehran/car?q=L90
L90,image_66.jpg,dataset\L90\image_66.jpg,https://divar.ir/s/tehran/car?q=L90
L90,image_67.jpg,dataset\L90\image_67.jpg,https://divar.ir/s/tehran/car?q=L90
L90,image_68.jpg,dataset\L90\image_68.jpg,https://divar.ir/s/tehran/car?q=L90
L90,image_69.jpg,dataset\L90\image_69.jpg,https://divar.ir/s/tehran/car?q=L90
L90,image_70.jpg,dataset\L90\image_70.jpg,https://divar.ir/s/tehran/car?q=L90
L90,image_71.jpg,dataset\L90\image_71.jpg,https://divar.ir/s/tehran/car?q=L90
L90,image_72.jpg,dataset\L90\image_72.jpg,https://divar.ir/s/tehran/car?q=L90
L90,image_73.jpg,dataset\L90\image_73.jpg,https://divar.ir/s/tehran/car?q=L90
L90,image_74.jpg,dataset\L90\image_74.jpg,https://divar.ir/s/tehran/car?q=L90
L90,image_75.jpg,dataset\L90\image_75.jpg,https://divar.ir/s/tehran/car?q=L90
L90,image_76.jpg,dataset\L90\image_76.jpg,https://divar.ir/s/tehran/car?q=L90
L90,image_77.jpg,dataset\L90\image_77.jpg,https://divar.ir/s/tehran/car?q=L90
L90,image_78.jpg,dataset\L90\image_78.jpg,https://divar.ir/s/tehran/car?q=L90
L90,image_79.jpg,dataset\L90\image_79.jpg,https://divar.ir/s/tehran/car?q=L90
L90,image_80.jpg,dataset\L90\image_80.jpg,https://divar.ir/s/tehran/car?q=L90
L90,image_81.jpg,dataset\L90\image_81.jpg,https://divar.ir/s/tehran/car?q=L90
L90,image_82.jpg,dataset\L90\image_82.jpg,https://divar.ir/s/tehran/car?q=L90
L90,image_83.jpg,dataset\L90\image_83.jpg,https://divar.ir/s/tehran/car?q=L90
L90,image_84.jpg,dataset\L90\image_84.jpg,https://divar.ir/s/tehran/car?q=L90
L90,image_85.jpg,dataset\L90\image_85.jpg,https://divar.ir/s/tehran/car?q=L90
L90,image_86.jpg,dataset\L90\image_86.jpg,https://divar.ir/s/tehran/car?q=L90
L90,image_87.jpg,dataset\L90\image_87.jpg,https://divar.ir/s/tehran/car?q=L90
L90,image_88.jpg,dataset\L90\image_88.jpg,https://divar.ir/s/tehran/car?q=L90
L90,image_89.jpg,dataset\L90\image_89.jpg,https://divar.ir/s/tehran/car?q=L90
L90,image_90.jpg,dataset\L90\image_90.jpg,https://divar.ir/s/tehran/car?q=L90
L90,image_91.jpg,dataset\L90\image_91.jpg,https://divar.ir/s/tehran/car?q=L90
L90,image_92.jpg,dataset\L90\image_92.jpg,https://divar.ir/s/tehran/car?q=L90
L90,image_93.jpg,dataset\L90\image_93.jpg,https://divar.ir/s/tehran/car?q=L90
L90,image_94.jpg,dataset\L90\image_94.jpg,https://divar.ir/s/tehran/car?q=L90
L90,image_95.jpg,dataset\L90\image_95.jpg,https://divar.ir/s/tehran/car?q=L90
L90,image_96.jpg,dataset\L90\image_96.jpg,https://divar.ir/s/tehran/car?q=L90
L90,image_97.jpg,dataset\L90\image_97.jpg,https://divar.ir/s/tehran/car?q=L90
L90,image_98.jpg,dataset\L90\image_98.jpg,https://divar.ir/s/tehran/car?q=L90
L90,image_99.jpg,dataset\L90\image_99.jpg,https://divar.ir/s/tehran/car?q=L90
L90,image_100.jpg,dataset\L90\image_100.jpg,https://divar.ir/s/tehran/car?q=L90
L90,image_101.jpg,dataset\L90\image_101.jpg,https://divar.ir/s/tehran/car?q=L90
L90,image_102.jpg,dataset\L90\image_102.jpg,https://divar.ir/s/tehran/car?q=L90
L90,image_103.jpg,dataset\L90\image_103.jpg,https://divar.ir/s/tehran/car?q=L90
L90,image_104.jpg,dataset\L90\image_104.jpg,https://divar.ir/s/tehran/car?q=L90
L90,image_105.jpg,dataset\L90\image_105.jpg,https://divar.ir/s/tehran/car?q=L90
L90,image_106.jpg,dataset\L90\image_106.jpg,https://divar.ir/s/tehran/car?q=L90
L90,image_107.jpg,dataset\L90\image_107.jpg,https://divar.ir/s/tehran/car?q=L90
L90,image_108.jpg,dataset\L90\image_108.jpg,https://divar.ir/s/tehran/car?q=L90
L90,image_109.jpg,dataset\L90\image_109.jpg,https://divar.ir/s/tehran/car?q=L90
L90,image_110.jpg,dataset\L90\image_110.jpg,https://divar.ir/s/tehran/car?q=L90
L90,image_111.jpg,dataset\L90\image_111.jpg,https://divar.ir/s/tehran/car?q=L90
L90,image_112.jpg,dataset\L90\image_112.jpg,https://divar.ir/s/tehran/car?q=L90
L90,image_113.jpg,dataset\L90\image_113.jpg,https://divar.ir/s/tehran/car?q=L90
L90,image_114.jpg,dataset\L90\image_114.jpg,https://divar.ir/s/tehran/car?q=L90
L90,image_115.jpg,dataset\L90\image_115.jpg,https://divar.ir/s/tehran/car?q=L90
L90,image_116.jpg,dataset\L90\image_116.jpg,https://divar.ir/s/tehran/car?q=L90
L90,image_117.jpg,dataset\L90\image_117.jpg,https://divar.ir/s/tehran/car?q=L90
L90,image_118.jpg,dataset\L90\image_118.jpg,https://divar.ir/s/tehran/car?q=L90
L90,image_119.jpg,dataset\L90\image_119.jpg,https://divar.ir/s/tehran/car?q=L90
L90,image_120.jpg,dataset\L90\image_120.jpg,https://divar.ir/s/tehran/car?q=L90
L90,image_121.jpg,dataset\L90\image_121.jpg,https://divar.ir/s/tehran/car?q=L90
L90,image_122.jpg,dataset\L90\image_122.jpg,https://divar.ir/s/tehran/car?q=L90
L90,image_123.jpg,dataset\L90\image_123.jpg,https://divar.ir/s/tehran/car?q=L90
L90,image_124.jpg,dataset\L90\image_124.jpg,https://divar.ir/s/tehran/car?q=L90
L90,image_125.jpg,dataset\L90\image_125.jpg,https://divar.ir/s/tehran/car?q=L90
L90,image_126.jpg,dataset\L90\image_126.jpg,https://divar.ir/s/tehran/car?q=L90
L90,image_127.jpg,dataset\L90\image_127.jpg,https://divar.ir/s/tehran/car?q=L90
L90,image_128.jpg,dataset\L90\image_128.jpg,https://divar.ir/s/tehran/car?q=L90
L90,image_129.jpg,dataset\L90\image_129.jpg,https://divar.ir/s/tehran/car?q=L90
L90,image_130.jpg,dataset\L90\image_130.jpg,https://divar.ir/s/tehran/car?q=L90
L90,image_131.jpg,dataset\L90\image_131.jpg,https://divar.ir/s/tehran/car?q=L90
L90,image_132.jpg,dataset\L90\image_132.jpg,https://divar.ir/s/tehran/car?q=L90
L90,image_133.jpg,dataset\L90\image_133.jpg,https://divar.ir/s/tehran/car?q=L90
L90,image_134.jpg,dataset\L90\image_134.jpg,https://divar.ir/s/tehran/car?q=L90
L90,image_135.jpg,dataset\L90\image_135.jpg,https://divar.ir/s/tehran/car?q=L90
L90,image_136.jpg,dataset\L90\image_136.jpg,https://divar.ir/s/tehran/car?q=L90
L90,image_137.jpg,dataset\L90\image_137.jpg,https://divar.ir/s/tehran/car?q=L90
L90,image_138.jpg,dataset\L90\image_138.jpg,https://divar.ir/s/tehran/car?q=L90
L90,image_139.jpg,dataset\L90\image_139.jpg,https://divar.ir/s/tehran/car?q=L90
L90,image_140.jpg,dataset\L90\image_140.jpg,https://divar.ir/s/tehran/car?q=L90
L90,image_141.jpg,dataset\L90\image_141.jpg,https://divar.ir/s/tehran/car?q=L90
L90,image_142.jpg,dataset\L90\image_142.jpg,https://divar.ir/s/tehran/car?q=L90
L90,image_143.jpg,dataset\L90\image_143.jpg,https://divar.ir/s/tehran/car?q=L90
L90,image_144.jpg,dataset\L90\image_144.jpg,https://divar.ir/s/tehran/car?q=L90
L90,image_145.jpg,dataset\L90\image_145.jpg,https://divar.ir/s/tehran/car?q=L90
L90,image_146.jpg,dataset\L90\image_146.jpg,https://divar.ir/s/tehran/car?q=L90
L90,image_147.jpg,dataset\L90\image_147.jpg,https://divar.ir/s/tehran/car?q=L90
L90,image_148.jpg,dataset\L90\image_148.jpg,https://divar.ir/s/tehran/car?q=L90
L90,image_149.jpg,dataset\L90\image_149.jpg,https://divar.ir/s/tehran/car?q=L90
L90,image_150.jpg,dataset\L90\image_150.jpg,https://divar.ir/s/tehran/car?q=L90
L90,image_151.jpg,dataset\L90\image_151.jpg,https://divar.ir/s/tehran/car?q=L90
L90,image_152.jpg,dataset\L90\image_152.jpg,https://divar.ir/s/tehran/car?q=L90
L90,image_153.jpg,dataset\L90\image_153.jpg,https://divar.ir/s/tehran/car?q=L90
L90,image_154.jpg,dataset\L90\image_154.jpg,https://divar.ir/s/tehran/car?q=L90
L90,image_155.jpg,dataset\L90\image_155.jpg,https://divar.ir/s/tehran/car?q=L90
L90,image_156.jpg,dataset\L90\image_156.jpg,https://divar.ir/s/tehran/car?q=L90
L90,image_157.jpg,dataset\L90\image_157.jpg,https://divar.ir/s/tehran/car?q=L90
L90,image_158.jpg,dataset\L90\image_158.jpg,https://divar.ir/s/tehran/car?q=L90
L90,image_159.jpg,dataset\L90\image_159.jpg,https://divar.ir/s/tehran/car?q=L90
L90,image_160.jpg,dataset\L90\image_160.jpg,https://divar.ir/s/tehran/car?q=L90
L90,image_161.jpg,dataset\L90\image_161.jpg,https://divar.ir/s/tehran/car?q=L90
L90,image_162.jpg,dataset\L90\image_162.jpg,https://divar.ir/s/tehran/car?q=L90
L90,image_163.jpg,dataset\L90\image_163.jpg,https://divar.ir/s/tehran/car?q=L90
L90,image_164.jpg,dataset\L90\image_164.jpg,https://divar.ir/s/tehran/car?q=L90
L90,image_165.jpg,dataset\L90\image_165.jpg,https://divar.ir/s/tehran/car?q=L90
L90,image_166.jpg,dataset\L90\image_166.jpg,https://divar.ir/s/tehran/car?q=L90
L90,image_167.jpg,dataset\L90\image_167.jpg,https://divar.ir/s/tehran/car?q=L90
L90,image_168.jpg,dataset\L90\image_168.jpg,https://divar.ir/s/tehran/car?q=L90
L90,image_169.jpg,dataset\L90\image_169.jpg,https://divar.ir/s/tehran/car?q=L90
L90,image_170.jpg,dataset\L90\image_170.jpg,https://divar.ir/s/tehran/car?q=L90
L90,image_171.jpg,dataset\L90\image_171.jpg,https://divar.ir/s/tehran/car?q=L90
L90,image_172.jpg,dataset\L90\image_172.jpg,https://divar.ir/s/tehran/car?q=L90
L90,image_173.jpg,dataset\L90\image_173.jpg,https://divar.ir/s/tehran/car?q=L90
L90,image_174.jpg,dataset\L90\image_174.jpg,https://divar.ir/s/tehran/car?q=L90
L90,image_175.jpg,dataset\L90\image_175.jpg,https://divar.ir/s/tehran/car?q=L90
L90,image_176.jpg,dataset\L90\image_176.jpg,https://divar.ir/s/tehran/car?q=L90
L90,image_177.jpg,dataset\L90\image_177.jpg,https://divar.ir/s/tehran/car?q=L90
L90,image_178.jpg,dataset\L90\image_178.jpg,https://divar.ir/s/tehran/car?q=L90
L90,image_179.jpg,dataset\L90\image_179.jpg,https://divar.ir/s/tehran/car?q=L90
L90,image_180.jpg,dataset\L90\image_180.jpg,https://divar.ir/s/tehran/car?q=L90
L90,image_181.jpg,dataset\L90\image_181.jpg,https://divar.ir/s/tehran/car?q=L90
L90,image_182.jpg,dataset\L90\image_182.jpg,https://divar.ir/s/tehran/car?q=L90
L90,image_183.jpg,dataset\L90\image_183.jpg,https://divar.ir/s/tehran/car?q=L90
L90,image_184.jpg,dataset\L90\image_184.jpg,https://divar.ir/s/tehran/car?q=L90
L90,image_185.jpg,dataset\L90\image_185.jpg,https://divar.ir/s/tehran/car?q=L90
L90,image_186.jpg,dataset\L90\image_186.jpg,https://divar.ir/s/tehran/car?q=L90
L90,image_187.jpg,dataset\L90\image_187.jpg,https://divar.ir/s/tehran/car?q=L90
L90,image_188.jpg,dataset\L90\image_188.jpg,https://divar.ir/s/tehran/car?q=L90
L90,image_189.jpg,dataset\L90\image_189.jpg,https://divar.ir/s/tehran/car?q=L90
L90,image_190.jpg,dataset\L90\image_190.jpg,https://divar.ir/s/tehran/car?q=L90
L90,image_191.jpg,dataset\L90\image_191.jpg,https://divar.ir/s/tehran/car?q=L90
L90,image_192.jpg,dataset\L90\image_192.jpg,https://divar.ir/s/tehran/car?q=L90
L90,image_193.jpg,dataset\L90\image_193.jpg,https://divar.ir/s/tehran/car?q=L90
L90,image_194.jpg,dataset\L90\image_194.jpg,https://divar.ir/s/tehran/car?q=L90
L90,image_195.jpg,dataset\L90\image_195.jpg,https://divar.ir/s/tehran/car?q=L90
L90,image_196.jpg,dataset\L90\image_196.jpg,https://divar.ir/s/tehran/car?q=L90
L90,image_197.jpg,dataset\L90\image_197.jpg,https://divar.ir/s/tehran/car?q=L90
L90,image_198.jpg,dataset\L90\image_198.jpg,https://divar.ir/s/tehran/car?q=L90
L90,image_199.jpg,dataset\L90\image_199.jpg,https://divar.ir/s/tehran/car?q=L90
L90,image_200.jpg,dataset\L90\image_200.jpg,https://divar.ir/s/tehran/car?q=L90
Peride,image_1.jpg,dataset\Peride\image_1.jpg,https://divar.ir/s/tehran/car?q=%D9%BE%D8%B1%D8%A7%DB%8C%D8%AF
Peride,image_2.jpg,dataset\Peride\image_2.jpg,https://divar.ir/s/tehran/car?q=%D9%BE%D8%B1%D8%A7%DB%8C%D8%AF
Peride,image_3.jpg,dataset\Peride\image_3.jpg,https://divar.ir/s/tehran/car?q=%D9%BE%D8%B1%D8%A7%DB%8C%D8%AF
Peride,image_4.jpg,dataset\Peride\image_4.jpg,https://divar.ir/s/tehran/car?q=%D9%BE%D8%B1%D8%A7%DB%8C%D8%AF
Peride,image_5.jpg,dataset\Peride\image_5.jpg,https://divar.ir/s/tehran/car?q=%D9%BE%D8%B1%D8%A7%DB%8C%D8%AF
Peride,image_6.jpg,dataset\Peride\image_6.jpg,https://divar.ir/s/tehran/car?q=%D9%BE%D8%B1%D8%A7%DB%8C%D8%AF
Peride,image_7.jpg,dataset\Peride\image_7.jpg,https://divar.ir/s/tehran/car?q=%D9%BE%D8%B1%D8%A7%DB%8C%D8%AF
Peride,image_8.jpg,dataset\Peride\image_8.jpg,https://divar.ir/s/tehran/car?q=%D9%BE%D8%B1%D8%A7%DB%8C%D8%AF
Peride,image_9.jpg,dataset\Peride\image_9.jpg,https://divar.ir/s/tehran/car?q=%D9%BE%D8%B1%D8%A7%DB%8C%D8%AF
Peride,image_10.jpg,dataset\Peride\image_10.jpg,https://divar.ir/s/tehran/car?q=%D9%BE%D8%B1%D8%A7%DB%8C%D8%AF
Peride,image_11.jpg,dataset\Peride\image_11.jpg,https://divar.ir/s/tehran/car?q=%D9%BE%D8%B1%D8%A7%DB%8C%D8%AF
Peride,image_12.jpg,dataset\Peride\image_12.jpg,https://divar.ir/s/tehran/car?q=%D9%BE%D8%B1%D8%A7%DB%8C%D8%AF
Peride,image_13.jpg,dataset\Peride\image_13.jpg,https://divar.ir/s/tehran/car?q=%D9%BE%D8%B1%D8%A7%DB%8C%D8%AF
Peride,image_14.jpg,dataset\Peride\image_14.jpg,https://divar.ir/s/tehran/car?q=%D9%BE%D8%B1%D8%A7%DB%8C%D8%AF
Peride,image_15.jpg,dataset\Peride\image_15.jpg,https://divar.ir/s/tehran/car?q=%D9%BE%D8%B1%D8%A7%DB%8C%D8%AF
Peride,image_16.jpg,dataset\Peride\image_16.jpg,https://divar.ir/s/tehran/car?q=%D9%BE%D8%B1%D8%A7%DB%8C%D8%AF
Peride,image_17.jpg,dataset\Peride\image_17.jpg,https://divar.ir/s/tehran/car?q=%D9%BE%D8%B1%D8%A7%DB%8C%D8%AF
Peride,image_18.jpg,dataset\Peride\image_18.jpg,https://divar.ir/s/tehran/car?q=%D9%BE%D8%B1%D8%A7%DB%8C%D8%AF
Peride,image_19.jpg,dataset\Peride\image_19.jpg,https://divar.ir/s/tehran/car?q=%D9%BE%D8%B1%D8%A7%DB%8C%D8%AF
Peride,image_20.jpg,dataset\Peride\image_20.jpg,https://divar.ir/s/tehran/car?q=%D9%BE%D8%B1%D8%A7%DB%8C%D8%AF
Peride,image_21.jpg,dataset\Peride\image_21.jpg,https://divar.ir/s/tehran/car?q=%D9%BE%D8%B1%D8%A7%DB%8C%D8%AF
Peride,image_22.jpg,dataset\Peride\image_22.jpg,https://divar.ir/s/tehran/car?q=%D9%BE%D8%B1%D8%A7%DB%8C%D8%AF
Peride,image_23.jpg,dataset\Peride\image_23.jpg,https://divar.ir/s/tehran/car?q=%D9%BE%D8%B1%D8%A7%DB%8C%D8%AF
Peride,image_24.jpg,dataset\Peride\image_24.jpg,https://divar.ir/s/tehran/car?q=%D9%BE%D8%B1%D8%A7%DB%8C%D8%AF
Peride,image_25.jpg,dataset\Peride\image_25.jpg,https://divar.ir/s/tehran/car?q=%D9%BE%D8%B1%D8%A7%DB%8C%D8%AF
Peride,image_26.jpg,dataset\Peride\image_26.jpg,https://divar.ir/s/tehran/car?q=%D9%BE%D8%B1%D8%A7%DB%8C%D8%AF
Peride,image_27.jpg,dataset\Peride\image_27.jpg,https://divar.ir/s/tehran/car?q=%D9%BE%D8%B1%D8%A7%DB%8C%D8%AF
Peride,image_28.jpg,dataset\Peride\image_28.jpg,https://divar.ir/s/tehran/car?q=%D9%BE%D8%B1%D8%A7%DB%8C%D8%AF
Peride,image_29.jpg,dataset\Peride\image_29.jpg,https://divar.ir/s/tehran/car?q=%D9%BE%D8%B1%D8%A7%DB%8C%D8%AF
Peride,image_30.jpg,dataset\Peride\image_30.jpg,https://divar.ir/s/tehran/car?q=%D9%BE%D8%B1%D8%A7%DB%8C%D8%AF
Peride,image_31.jpg,dataset\Peride\image_31.jpg,https://divar.ir/s/tehran/car?q=%D9%BE%D8%B1%D8%A7%DB%8C%D8%AF
Peride,image_32.jpg,dataset\Peride\image_32.jpg,https://divar.ir/s/tehran/car?q=%D9%BE%D8%B1%D8%A7%DB%8C%D8%AF
Peride,image_33.jpg,dataset\Peride\image_33.jpg,https://divar.ir/s/tehran/car?q=%D9%BE%D8%B1%D8%A7%DB%8C%D8%AF
Peride,image_34.jpg,dataset\Peride\image_34.jpg,https://divar.ir/s/tehran/car?q=%D9%BE%D8%B1%D8%A7%DB%8C%D8%AF
Peride,image_35.jpg,dataset\Peride\image_35.jpg,https://divar.ir/s/tehran/car?q=%D9%BE%D8%B1%D8%A7%DB%8C%D8%AF
Peride,image_36.jpg,dataset\Peride\image_36.jpg,https://divar.ir/s/tehran/car?q=%D9%BE%D8%B1%D8%A7%DB%8C%D8%AF
Peride,image_37.jpg,dataset\Peride\image_37.jpg,https://divar.ir/s/tehran/car?q=%D9%BE%D8%B1%D8%A7%DB%8C%D8%AF
Peride,image_38.jpg,dataset\Peride\image_38.jpg,https://divar.ir/s/tehran/car?q=%D9%BE%D8%B1%D8%A7%DB%8C%D8%AF
Peride,image_39.jpg,dataset\Peride\image_39.jpg,https://divar.ir/s/tehran/car?q=%D9%BE%D8%B1%D8%A7%DB%8C%D8%AF
Peride,image_40.jpg,dataset\Peride\image_40.jpg,https://divar.ir/s/tehran/car?q=%D9%BE%D8%B1%D8%A7%DB%8C%D8%AF
Peride,image_41.jpg,dataset\Peride\image_41.jpg,https://divar.ir/s/tehran/car?q=%D9%BE%D8%B1%D8%A7%DB%8C%D8%AF
Peride,image_42.jpg,dataset\Peride\image_42.jpg,https://divar.ir/s/tehran/car?q=%D9%BE%D8%B1%D8%A7%DB%8C%D8%AF
Peride,image_43.jpg,dataset\Peride\image_43.jpg,https://divar.ir/s/tehran/car?q=%D9%BE%D8%B1%D8%A7%DB%8C%D8%AF
Peride,image_44.jpg,dataset\Peride\image_44.jpg,https://divar.ir/s/tehran/car?q=%D9%BE%D8%B1%D8%A7%DB%8C%D8%AF
Peride,image_45.jpg,dataset\Peride\image_45.jpg,https://divar.ir/s/tehran/car?q=%D9%BE%D8%B1%D8%A7%DB%8C%D8%AF
Peride,image_46.jpg,dataset\Peride\image_46.jpg,https://divar.ir/s/tehran/car?q=%D9%BE%D8%B1%D8%A7%DB%8C%D8%AF
Peride,image_47.jpg,dataset\Peride\image_47.jpg,https://divar.ir/s/tehran/car?q=%D9%BE%D8%B1%D8%A7%DB%8C%D8%AF
Peride,image_48.jpg,dataset\Peride\image_48.jpg,https://divar.ir/s/tehran/car?q=%D9%BE%D8%B1%D8%A7%DB%8C%D8%AF
Peride,image_49.jpg,dataset\Peride\image_49.jpg,https://divar.ir/s/tehran/car?q=%D9%BE%D8%B1%D8%A7%DB%8C%D8%AF
Peride,image_50.jpg,dataset\Peride\image_50.jpg,https://divar.ir/s/tehran/car?q=%D9%BE%D8%B1%D8%A7%DB%8C%D8%AF
Peride,image_51.jpg,dataset\Peride\image_51.jpg,https://divar.ir/s/tehran/car?q=%D9%BE%D8%B1%D8%A7%DB%8C%D8%AF
Peride,image_52.jpg,dataset\Peride\image_52.jpg,https://divar.ir/s/tehran/car?q=%D9%BE%D8%B1%D8%A7%DB%8C%D8%AF
Peride,image_53.jpg,dataset\Peride\image_53.jpg,https://divar.ir/s/tehran/car?q=%D9%BE%D8%B1%D8%A7%DB%8C%D8%AF
Peride,image_54.jpg,dataset\Peride\image_54.jpg,https://divar.ir/s/tehran/car?q=%D9%BE%D8%B1%D8%A7%DB%8C%D8%AF
Peride,image_55.jpg,dataset\Peride\image_55.jpg,https://divar.ir/s/tehran/car?q=%D9%BE%D8%B1%D8%A7%DB%8C%D8%AF
Peride,image_56.jpg,dataset\Peride\image_56.jpg,https://divar.ir/s/tehran/car?q=%D9%BE%D8%B1%D8%A7%DB%8C%D8%AF
Peride,image_57.jpg,dataset\Peride\image_57.jpg,https://divar.ir/s/tehran/car?q=%D9%BE%D8%B1%D8%A7%DB%8C%D8%AF
Peride,image_58.jpg,dataset\Peride\image_58.jpg,https://divar.ir/s/tehran/car?q=%D9%BE%D8%B1%D8%A7%DB%8C%D8%AF
Peride,image_59.jpg,dataset\Peride\image_59.jpg,https://divar.ir/s/tehran/car?q=%D9%BE%D8%B1%D8%A7%DB%8C%D8%AF
Peride,image_60.jpg,dataset\Peride\image_60.jpg,https://divar.ir/s/tehran/car?q=%D9%BE%D8%B1%D8%A7%DB%8C%D8%AF
Peride,image_61.jpg,dataset\Peride\image_61.jpg,https://divar.ir/s/tehran/car?q=%D9%BE%D8%B1%D8%A7%DB%8C%D8%AF
Peride,image_62.jpg,dataset\Peride\image_62.jpg,https://divar.ir/s/tehran/car?q=%D9%BE%D8%B1%D8%A7%DB%8C%D8%AF
Peride,image_63.jpg,dataset\Peride\image_63.jpg,https://divar.ir/s/tehran/car?q=%D9%BE%D8%B1%D8%A7%DB%8C%D8%AF
Peride,image_64.jpg,dataset\Peride\image_64.jpg,https://divar.ir/s/tehran/car?q=%D9%BE%D8%B1%D8%A7%DB%8C%D8%AF
Peride,image_65.jpg,dataset\Peride\image_65.jpg,https://divar.ir/s/tehran/car?q=%D9%BE%D8%B1%D8%A7%DB%8C%D8%AF
Peride,image_66.jpg,dataset\Peride\image_66.jpg,https://divar.ir/s/tehran/car?q=%D9%BE%D8%B1%D8%A7%DB%8C%D8%AF
Peride,image_67.jpg,dataset\Peride\image_67.jpg,https://divar.ir/s/tehran/car?q=%D9%BE%D8%B1%D8%A7%DB%8C%D8%AF
Peride,image_68.jpg,dataset\Peride\image_68.jpg,https://divar.ir/s/tehran/car?q=%D9%BE%D8%B1%D8%A7%DB%8C%D8%AF
Peride,image_69.jpg,dataset\Peride\image_69.jpg,https://divar.ir/s/tehran/car?q=%D9%BE%D8%B1%D8%A7%DB%8C%D8%AF
Peride,image_70.jpg,dataset\Peride\image_70.jpg,https://divar.ir/s/tehran/car?q=%D9%BE%D8%B1%D8%A7%DB%8C%D8%AF
Peride,image_71.jpg,dataset\Peride\image_71.jpg,https://divar.ir/s/tehran/car?q=%D9%BE%D8%B1%D8%A7%DB%8C%D8%AF
Peride,image_72.jpg,dataset\Peride\image_72.jpg,https://divar.ir/s/tehran/car?q=%D9%BE%D8%B1%D8%A7%DB%8C%D8%AF
Peride,image_73.jpg,dataset\Peride\image_73.jpg,https://divar.ir/s/tehran/car?q=%D9%BE%D8%B1%D8%A7%DB%8C%D8%AF
Peride,image_74.jpg,dataset\Peride\image_74.jpg,https://divar.ir/s/tehran/car?q=%D9%BE%D8%B1%D8%A7%DB%8C%D8%AF
Peride,image_75.jpg,dataset\Peride\image_75.jpg,https://divar.ir/s/tehran/car?q=%D9%BE%D8%B1%D8%A7%DB%8C%D8%AF
Peride,image_76.jpg,dataset\Peride\image_76.jpg,https://divar.ir/s/tehran/car?q=%D9%BE%D8%B1%D8%A7%DB%8C%D8%AF
Peride,image_77.jpg,dataset\Peride\image_77.jpg,https://divar.ir/s/tehran/car?q=%D9%BE%D8%B1%D8%A7%DB%8C%D8%AF
Peride,image_78.jpg,dataset\Peride\image_78.jpg,https://divar.ir/s/tehran/car?q=%D9%BE%D8%B1%D8%A7%DB%8C%D8%AF
Peride,image_79.jpg,dataset\Peride\image_79.jpg,https://divar.ir/s/tehran/car?q=%D9%BE%D8%B1%D8%A7%DB%8C%D8%AF
Peride,image_80.jpg,dataset\Peride\image_80.jpg,https://divar.ir/s/tehran/car?q=%D9%BE%D8%B1%D8%A7%DB%8C%D8%AF
Peride,image_81.jpg,dataset\Peride\image_81.jpg,https://divar.ir/s/tehran/car?q=%D9%BE%D8%B1%D8%A7%DB%8C%D8%AF
Peride,image_82.jpg,dataset\Peride\image_82.jpg,https://divar.ir/s/tehran/car?q=%D9%BE%D8%B1%D8%A7%DB%8C%D8%AF
Peride,image_83.jpg,dataset\Peride\image_83.jpg,https://divar.ir/s/tehran/car?q=%D9%BE%D8%B1%D8%A7%DB%8C%D8%AF
Peride,image_84.jpg,dataset\Peride\image_84.jpg,https://divar.ir/s/tehran/car?q=%D9%BE%D8%B1%D8%A7%DB%8C%D8%AF
Peride,image_85.jpg,dataset\Peride\image_85.jpg,https://divar.ir/s/tehran/car?q=%D9%BE%D8%B1%D8%A7%DB%8C%D8%AF
Peride,image_86.jpg,dataset\Peride\image_86.jpg,https://divar.ir/s/tehran/car?q=%D9%BE%D8%B1%D8%A7%DB%8C%D8%AF
Peride,image_87.jpg,dataset\Peride\image_87.jpg,https://divar.ir/s/tehran/car?q=%D9%BE%D8%B1%D8%A7%DB%8C%D8%AF
Peride,image_88.jpg,dataset\Peride\image_88.jpg,https://divar.ir/s/tehran/car?q=%D9%BE%D8%B1%D8%A7%DB%8C%D8%AF
Peride,image_89.jpg,dataset\Peride\image_89.jpg,https://divar.ir/s/tehran/car?q=%D9%BE%D8%B1%D8%A7%DB%8C%D8%AF
Peride,image_90.jpg,dataset\Peride\image_90.jpg,https://divar.ir/s/tehran/car?q=%D9%BE%D8%B1%D8%A7%DB%8C%D8%AF
Peride,image_91.jpg,dataset\Peride\image_91.jpg,https://divar.ir/s/tehran/car?q=%D9%BE%D8%B1%D8%A7%DB%8C%D8%AF
Peride,image_92.jpg,dataset\Peride\image_92.jpg,https://divar.ir/s/tehran/car?q=%D9%BE%D8%B1%D8%A7%DB%8C%D8%AF
Peride,image_93.jpg,dataset\Peride\image_93.jpg,https://divar.ir/s/tehran/car?q=%D9%BE%D8%B1%D8%A7%DB%8C%D8%AF
Peride,image_94.jpg,dataset\Peride\image_94.jpg,https://divar.ir/s/tehran/car?q=%D9%BE%D8%B1%D8%A7%DB%8C%D8%AF
Peride,image_95.jpg,dataset\Peride\image_95.jpg,https://divar.ir/s/tehran/car?q=%D9%BE%D8%B1%D8%A7%DB%8C%D8%AF
Peride,image_96.jpg,dataset\Peride\image_96.jpg,https://divar.ir/s/tehran/car?q=%D9%BE%D8%B1%D8%A7%DB%8C%D8%AF
Peride,image_97.jpg,dataset\Peride\image_97.jpg,https://divar.ir/s/tehran/car?q=%D9%BE%D8%B1%D8%A7%DB%8C%D8%AF
Peride,image_98.jpg,dataset\Peride\image_98.jpg,https://divar.ir/s/tehran/car?q=%D9%BE%D8%B1%D8%A7%DB%8C%D8%AF
Peride,image_99.jpg,dataset\Peride\image_99.jpg,https://divar.ir/s/tehran/car?q=%D9%BE%D8%B1%D8%A7%DB%8C%D8%AF
Peride,image_100.jpg,dataset\Peride\image_100.jpg,https://divar.ir/s/tehran/car?q=%D9%BE%D8%B1%D8%A7%DB%8C%D8%AF
Peride,image_101.jpg,dataset\Peride\image_101.jpg,https://divar.ir/s/tehran/car?q=%D9%BE%D8%B1%D8%A7%DB%8C%D8%AF
Peride,image_102.jpg,dataset\Peride\image_102.jpg,https://divar.ir/s/tehran/car?q=%D9%BE%D8%B1%D8%A7%DB%8C%D8%AF
Peride,image_103.jpg,dataset\Peride\image_103.jpg,https://divar.ir/s/tehran/car?q=%D9%BE%D8%B1%D8%A7%DB%8C%D8%AF
Peride,image_104.jpg,dataset\Peride\image_104.jpg,https://divar.ir/s/tehran/car?q=%D9%BE%D8%B1%D8%A7%DB%8C%D8%AF
Peride,image_105.jpg,dataset\Peride\image_105.jpg,https://divar.ir/s/tehran/car?q=%D9%BE%D8%B1%D8%A7%DB%8C%D8%AF
Peride,image_106.jpg,dataset\Peride\image_106.jpg,https://divar.ir/s/tehran/car?q=%D9%BE%D8%B1%D8%A7%DB%8C%D8%AF
Peride,image_107.jpg,dataset\Peride\image_107.jpg,https://divar.ir/s/tehran/car?q=%D9%BE%D8%B1%D8%A7%DB%8C%D8%AF
Peride,image_108.jpg,dataset\Peride\image_108.jpg,https://divar.ir/s/tehran/car?q=%D9%BE%D8%B1%D8%A7%DB%8C%D8%AF
Peride,image_109.jpg,dataset\Peride\image_109.jpg,https://divar.ir/s/tehran/car?q=%D9%BE%D8%B1%D8%A7%DB%8C%D8%AF
Peride,image_110.jpg,dataset\Peride\image_110.jpg,https://divar.ir/s/tehran/car?q=%D9%BE%D8%B1%D8%A7%DB%8C%D8%AF
Peride,image_111.jpg,dataset\Peride\image_111.jpg,https://divar.ir/s/tehran/car?q=%D9%BE%D8%B1%D8%A7%DB%8C%D8%AF
Peride,image_112.jpg,dataset\Peride\image_112.jpg,https://divar.ir/s/tehran/car?q=%D9%BE%D8%B1%D8%A7%DB%8C%D8%AF
Peride,image_113.jpg,dataset\Peride\image_113.jpg,https://divar.ir/s/tehran/car?q=%D9%BE%D8%B1%D8%A7%DB%8C%D8%AF
Peride,image_114.jpg,dataset\Peride\image_114.jpg,https://divar.ir/s/tehran/car?q=%D9%BE%D8%B1%D8%A7%DB%8C%D8%AF
Peride,image_115.jpg,dataset\Peride\image_115.jpg,https://divar.ir/s/tehran/car?q=%D9%BE%D8%B1%D8%A7%DB%8C%D8%AF
Peride,image_116.jpg,dataset\Peride\image_116.jpg,https://divar.ir/s/tehran/car?q=%D9%BE%D8%B1%D8%A7%DB%8C%D8%AF
Peride,image_117.jpg,dataset\Peride\image_117.jpg,https://divar.ir/s/tehran/car?q=%D9%BE%D8%B1%D8%A7%DB%8C%D8%AF
Peride,image_118.jpg,dataset\Peride\image_118.jpg,https://divar.ir/s/tehran/car?q=%D9%BE%D8%B1%D8%A7%DB%8C%D8%AF
Peride,image_119.jpg,dataset\Peride\image_119.jpg,https://divar.ir/s/tehran/car?q=%D9%BE%D8%B1%D8%A7%DB%8C%D8%AF
Peride,image_120.jpg,dataset\Peride\image_120.jpg,https://divar.ir/s/tehran/car?q=%D9%BE%D8%B1%D8%A7%DB%8C%D8%AF
Peride,image_121.jpg,dataset\Peride\image_121.jpg,https://divar.ir/s/tehran/car?q=%D9%BE%D8%B1%D8%A7%DB%8C%D8%AF
Peride,image_122.jpg,dataset\Peride\image_122.jpg,https://divar.ir/s/tehran/car?q=%D9%BE%D8%B1%D8%A7%DB%8C%D8%AF
Peride,image_123.jpg,dataset\Peride\image_123.jpg,https://divar.ir/s/tehran/car?q=%D9%BE%D8%B1%D8%A7%DB%8C%D8%AF
Peride,image_124.jpg,dataset\Peride\image_124.jpg,https://divar.ir/s/tehran/car?q=%D9%BE%D8%B1%D8%A7%DB%8C%D8%AF
Peride,image_125.jpg,dataset\Peride\image_125.jpg,https://divar.ir/s/tehran/car?q=%D9%BE%D8%B1%D8%A7%DB%8C%D8%AF
Peride,image_126.jpg,dataset\Peride\image_126.jpg,https://divar.ir/s/tehran/car?q=%D9%BE%D8%B1%D8%A7%DB%8C%D8%AF
Peride,image_127.jpg,dataset\Peride\image_127.jpg,https://divar.ir/s/tehran/car?q=%D9%BE%D8%B1%D8%A7%DB%8C%D8%AF
Peride,image_128.jpg,dataset\Peride\image_128.jpg,https://divar.ir/s/tehran/car?q=%D9%BE%D8%B1%D8%A7%DB%8C%D8%AF
Peride,image_129.jpg,dataset\Peride\image_129.jpg,https://divar.ir/s/tehran/car?q=%D9%BE%D8%B1%D8%A7%DB%8C%D8%AF
Peride,image_130.jpg,dataset\Peride\image_130.jpg,https://divar.ir/s/tehran/car?q=%D9%BE%D8%B1%D8%A7%DB%8C%D8%AF
Peride,image_131.jpg,dataset\Peride\image_131.jpg,https://divar.ir/s/tehran/car?q=%D9%BE%D8%B1%D8%A7%DB%8C%D8%AF
Peride,image_132.jpg,dataset\Peride\image_132.jpg,https://divar.ir/s/tehran/car?q=%D9%BE%D8%B1%D8%A7%DB%8C%D8%AF
Peride,image_133.jpg,dataset\Peride\image_133.jpg,https://divar.ir/s/tehran/car?q=%D9%BE%D8%B1%D8%A7%DB%8C%D8%AF
Peride,image_134.jpg,dataset\Peride\image_134.jpg,https://divar.ir/s/tehran/car?q=%D9%BE%D8%B1%D8%A7%DB%8C%D8%AF
Peride,image_135.jpg,dataset\Peride\image_135.jpg,https://divar.ir/s/tehran/car?q=%D9%BE%D8%B1%D8%A7%DB%8C%D8%AF
Peride,image_136.jpg,dataset\Peride\image_136.jpg,https://divar.ir/s/tehran/car?q=%D9%BE%D8%B1%D8%A7%DB%8C%D8%AF
Peride,image_137.jpg,dataset\Peride\image_137.jpg,https://divar.ir/s/tehran/car?q=%D9%BE%D8%B1%D8%A7%DB%8C%D8%AF
Peride,image_138.jpg,dataset\Peride\image_138.jpg,https://divar.ir/s/tehran/car?q=%D9%BE%D8%B1%D8%A7%DB%8C%D8%AF
Peride,image_139.jpg,dataset\Peride\image_139.jpg,https://divar.ir/s/tehran/car?q=%D9%BE%D8%B1%D8%A7%DB%8C%D8%AF
Peride,image_140.jpg,dataset\Peride\image_140.jpg,https://divar.ir/s/tehran/car?q=%D9%BE%D8%B1%D8%A7%DB%8C%D8%AF
Peride,image_141.jpg,dataset\Peride\image_141.jpg,https://divar.ir/s/tehran/car?q=%D9%BE%D8%B1%D8%A7%DB%8C%D8%AF
Peride,image_142.jpg,dataset\Peride\image_142.jpg,https://divar.ir/s/tehran/car?q=%D9%BE%D8%B1%D8%A7%DB%8C%D8%AF
Peride,image_143.jpg,dataset\Peride\image_143.jpg,https://divar.ir/s/tehran/car?q=%D9%BE%D8%B1%D8%A7%DB%8C%D8%AF
Peride,image_144.jpg,dataset\Peride\image_144.jpg,https://divar.ir/s/tehran/car?q=%D9%BE%D8%B1%D8%A7%DB%8C%D8%AF
Peride,image_145.jpg,dataset\Peride\image_145.jpg,https://divar.ir/s/tehran/car?q=%D9%BE%D8%B1%D8%A7%DB%8C%D8%AF
Peride,image_146.jpg,dataset\Peride\image_146.jpg,https://divar.ir/s/tehran/car?q=%D9%BE%D8%B1%D8%A7%DB%8C%D8%AF
Peride,image_147.jpg,dataset\Peride\image_147.jpg,https://divar.ir/s/tehran/car?q=%D9%BE%D8%B1%D8%A7%DB%8C%D8%AF
Peride,image_148.jpg,dataset\Peride\image_148.jpg,https://divar.ir/s/tehran/car?q=%D9%BE%D8%B1%D8%A7%DB%8C%D8%AF
Peride,image_149.jpg,dataset\Peride\image_149.jpg,https://divar.ir/s/tehran/car?q=%D9%BE%D8%B1%D8%A7%DB%8C%D8%AF
Peride,image_150.jpg,dataset\Peride\image_150.jpg,https://divar.ir/s/tehran/car?q=%D9%BE%D8%B1%D8%A7%DB%8C%D8%AF
Peride,image_151.jpg,dataset\Peride\image_151.jpg,https://divar.ir/s/tehran/car?q=%D9%BE%D8%B1%D8%A7%DB%8C%D8%AF
Peride,image_152.jpg,dataset\Peride\image_152.jpg,https://divar.ir/s/tehran/car?q=%D9%BE%D8%B1%D8%A7%DB%8C%D8%AF
Peride,image_153.jpg,dataset\Peride\image_153.jpg,https://divar.ir/s/tehran/car?q=%D9%BE%D8%B1%D8%A7%DB%8C%D8%AF
Peride,image_154.jpg,dataset\Peride\image_154.jpg,https://divar.ir/s/tehran/car?q=%D9%BE%D8%B1%D8%A7%DB%8C%D8%AF
Peride,image_155.jpg,dataset\Peride\image_155.jpg,https://divar.ir/s/tehran/car?q=%D9%BE%D8%B1%D8%A7%DB%8C%D8%AF
Peride,image_156.jpg,dataset\Peride\image_156.jpg,https://divar.ir/s/tehran/car?q=%D9%BE%D8%B1%D8%A7%DB%8C%D8%AF
Peride,image_157.jpg,dataset\Peride\image_157.jpg,https://divar.ir/s/tehran/car?q=%D9%BE%D8%B1%D8%A7%DB%8C%D8%AF
Peride,image_158.jpg,dataset\Peride\image_158.jpg,https://divar.ir/s/tehran/car?q=%D9%BE%D8%B1%D8%A7%DB%8C%D8%AF
Peride,image_159.jpg,dataset\Peride\image_159.jpg,https://divar.ir/s/tehran/car?q=%D9%BE%D8%B1%D8%A7%DB%8C%D8%AF
Peride,image_160.jpg,dataset\Peride\image_160.jpg,https://divar.ir/s/tehran/car?q=%D9%BE%D8%B1%D8%A7%DB%8C%D8%AF
Peride,image_161.jpg,dataset\Peride\image_161.jpg,https://divar.ir/s/tehran/car?q=%D9%BE%D8%B1%D8%A7%DB%8C%D8%AF
Peride,image_162.jpg,dataset\Peride\image_162.jpg,https://divar.ir/s/tehran/car?q=%D9%BE%D8%B1%D8%A7%DB%8C%D8%AF
Peride,image_163.jpg,dataset\Peride\image_163.jpg,https://divar.ir/s/tehran/car?q=%D9%BE%D8%B1%D8%A7%DB%8C%D8%AF
Peride,image_164.jpg,dataset\Peride\image_164.jpg,https://divar.ir/s/tehran/car?q=%D9%BE%D8%B1%D8%A7%DB%8C%D8%AF
Peride,image_165.jpg,dataset\Peride\image_165.jpg,https://divar.ir/s/tehran/car?q=%D9%BE%D8%B1%D8%A7%DB%8C%D8%AF
Peride,image_166.jpg,dataset\Peride\image_166.jpg,https://divar.ir/s/tehran/car?q=%D9%BE%D8%B1%D8%A7%DB%8C%D8%AF
Peride,image_167.jpg,dataset\Peride\image_167.jpg,https://divar.ir/s/tehran/car?q=%D9%BE%D8%B1%D8%A7%DB%8C%D8%AF
Peride,image_168.jpg,dataset\Peride\image_168.jpg,https://divar.ir/s/tehran/car?q=%D9%BE%D8%B1%D8%A7%DB%8C%D8%AF
Peride,image_169.jpg,dataset\Peride\image_169.jpg,https://divar.ir/s/tehran/car?q=%D9%BE%D8%B1%D8%A7%DB%8C%D8%AF
Peride,image_170.jpg,dataset\Peride\image_170.jpg,https://divar.ir/s/tehran/car?q=%D9%BE%D8%B1%D8%A7%DB%8C%D8%AF
Peride,image_171.jpg,dataset\Peride\image_171.jpg,https://divar.ir/s/tehran/car?q=%D9%BE%D8%B1%D8%A7%DB%8C%D8%AF
Peride,image_172.jpg,dataset\Peride\image_172.jpg,https://divar.ir/s/tehran/car?q=%D9%BE%D8%B1%D8%A7%DB%8C%D8%AF
Peride,image_173.jpg,dataset\Peride\image_173.jpg,https://divar.ir/s/tehran/car?q=%D9%BE%D8%B1%D8%A7%DB%8C%D8%AF
Peride,image_174.jpg,dataset\Peride\image_174.jpg,https://divar.ir/s/tehran/car?q=%D9%BE%D8%B1%D8%A7%DB%8C%D8%AF
Peride,image_175.jpg,dataset\Peride\image_175.jpg,https://divar.ir/s/tehran/car?q=%D9%BE%D8%B1%D8%A7%DB%8C%D8%AF
Peride,image_176.jpg,dataset\Peride\image_176.jpg,https://divar.ir/s/tehran/car?q=%D9%BE%D8%B1%D8%A7%DB%8C%D8%AF
Peride,image_177.jpg,dataset\Peride\image_177.jpg,https://divar.ir/s/tehran/car?q=%D9%BE%D8%B1%D8%A7%DB%8C%D8%AF
Peride,image_178.jpg,dataset\Peride\image_178.jpg,https://divar.ir/s/tehran/car?q=%D9%BE%D8%B1%D8%A7%DB%8C%D8%AF
Peride,image_179.jpg,dataset\Peride\image_179.jpg,https://divar.ir/s/tehran/car?q=%D9%BE%D8%B1%D8%A7%DB%8C%D8%AF
Peride,image_180.jpg,dataset\Peride\image_180.jpg,https://divar.ir/s/tehran/car?q=%D9%BE%D8%B1%D8%A7%DB%8C%D8%AF
Peride,image_181.jpg,dataset\Peride\image_181.jpg,https://divar.ir/s/tehran/car?q=%D9%BE%D8%B1%D8%A7%DB%8C%D8%AF
Peride,image_182.jpg,dataset\Peride\image_182.jpg,https://divar.ir/s/tehran/car?q=%D9%BE%D8%B1%D8%A7%DB%8C%D8%AF
Peride,image_183.jpg,dataset\Peride\image_183.jpg,https://divar.ir/s/tehran/car?q=%D9%BE%D8%B1%D8%A7%DB%8C%D8%AF
Peride,image_184.jpg,dataset\Peride\image_184.jpg,https://divar.ir/s/tehran/car?q=%D9%BE%D8%B1%D8%A7%DB%8C%D8%AF
Peride,image_185.jpg,dataset\Peride\image_185.jpg,https://divar.ir/s/tehran/car?q=%D9%BE%D8%B1%D8%A7%DB%8C%D8%AF
Peride,image_186.jpg,dataset\Peride\image_186.jpg,https://divar.ir/s/tehran/car?q=%D9%BE%D8%B1%D8%A7%DB%8C%D8%AF
Peride,image_187.jpg,dataset\Peride\image_187.jpg,https://divar.ir/s/tehran/car?q=%D9%BE%D8%B1%D8%A7%DB%8C%D8%AF
Peride,image_188.jpg,dataset\Peride\image_188.jpg,https://divar.ir/s/tehran/car?q=%D9%BE%D8%B1%D8%A7%DB%8C%D8%AF
Peride,image_189.jpg,dataset\Peride\image_189.jpg,https://divar.ir/s/tehran/car?q=%D9%BE%D8%B1%D8%A7%DB%8C%D8%AF
Peride,image_190.jpg,dataset\Peride\image_190.jpg,https://divar.ir/s/tehran/car?q=%D9%BE%D8%B1%D8%A7%DB%8C%D8%AF
Peride,image_191.jpg,dataset\Peride\image_191.jpg,https://divar.ir/s/tehran/car?q=%D9%BE%D8%B1%D8%A7%DB%8C%D8%AF
Peride,image_192.jpg,dataset\Peride\image_192.jpg,https://divar.ir/s/tehran/car?q=%D9%BE%D8%B1%D8%A7%DB%8C%D8%AF
Peride,image_193.jpg,dataset\Peride\image_193.jpg,https://divar.ir/s/tehran/car?q=%D9%BE%D8%B1%D8%A7%DB%8C%D8%AF
Peride,image_194.jpg,dataset\Peride\image_194.jpg,https://divar.ir/s/tehran/car?q=%D9%BE%D8%B1%D8%A7%DB%8C%D8%AF
Peride,image_195.jpg,dataset\Peride\image_195.jpg,https://divar.ir/s/tehran/car?q=%D9%BE%D8%B1%D8%A7%DB%8C%D8%AF
Peride,image_196.jpg,dataset\Peride\image_196.jpg,https://divar.ir/s/tehran/car?q=%D9%BE%D8%B1%D8%A7%DB%8C%D8%AF
Peride,image_197.jpg,dataset\Peride\image_197.jpg,https://divar.ir/s/tehran/car?q=%D9%BE%D8%B1%D8%A7%DB%8C%D8%AF
Peride,image_198.jpg,dataset\Peride\image_198.jpg,https://divar.ir/s/tehran/car?q=%D9%BE%D8%B1%D8%A7%DB%8C%D8%AF
Peride,image_199.jpg,dataset\Peride\image_199.jpg,https://divar.ir/s/tehran/car?q=%D9%BE%D8%B1%D8%A7%DB%8C%D8%AF
Peride,image_200.jpg,dataset\Peride\image_200.jpg,https://divar.ir/s/tehran/car?q=%D9%BE%D8%B1%D8%A7%DB%8C%D8%AF
Rana,image_1.jpg,dataset\Rana\image_1.jpg,https://divar.ir/s/tehran/car?q=rana
Rana,image_2.jpg,dataset\Rana\image_2.jpg,https://divar.ir/s/tehran/car?q=rana
Rana,image_3.jpg,dataset\Rana\image_3.jpg,https://divar.ir/s/tehran/car?q=rana
Rana,image_4.jpg,dataset\Rana\image_4.jpg,https://divar.ir/s/tehran/car?q=rana
Rana,image_5.jpg,dataset\Rana\image_5.jpg,https://divar.ir/s/tehran/car?q=rana
Rana,image_6.jpg,dataset\Rana\image_6.jpg,https://divar.ir/s/tehran/car?q=rana
Rana,image_7.jpg,dataset\Rana\image_7.jpg,https://divar.ir/s/tehran/car?q=rana
Rana,image_8.jpg,dataset\Rana\image_8.jpg,https://divar.ir/s/tehran/car?q=rana
Rana,image_9.jpg,dataset\Rana\image_9.jpg,https://divar.ir/s/tehran/car?q=rana
Rana,image_10.jpg,dataset\Rana\image_10.jpg,https://divar.ir/s/tehran/car?q=rana
Rana,image_11.jpg,dataset\Rana\image_11.jpg,https://divar.ir/s/tehran/car?q=rana
Rana,image_12.jpg,dataset\Rana\image_12.jpg,https://divar.ir/s/tehran/car?q=rana
Rana,image_13.jpg,dataset\Rana\image_13.jpg,https://divar.ir/s/tehran/car?q=rana
Rana,image_14.jpg,dataset\Rana\image_14.jpg,https://divar.ir/s/tehran/car?q=rana
Rana,image_15.jpg,dataset\Rana\image_15.jpg,https://divar.ir/s/tehran/car?q=rana
Rana,image_16.jpg,dataset\Rana\image_16.jpg,https://divar.ir/s/tehran/car?q=rana
Rana,image_17.jpg,dataset\Rana\image_17.jpg,https://divar.ir/s/tehran/car?q=rana
Rana,image_18.jpg,dataset\Rana\image_18.jpg,https://divar.ir/s/tehran/car?q=rana
Rana,image_19.jpg,dataset\Rana\image_19.jpg,https://divar.ir/s/tehran/car?q=rana
Rana,image_20.jpg,dataset\Rana\image_20.jpg,https://divar.ir/s/tehran/car?q=rana
Rana,image_21.jpg,dataset\Rana\image_21.jpg,https://divar.ir/s/tehran/car?q=rana
Rana,image_22.jpg,dataset\Rana\image_22.jpg,https://divar.ir/s/tehran/car?q=rana
Rana,image_23.jpg,dataset\Rana\image_23.jpg,https://divar.ir/s/tehran/car?q=rana
Rana,image_24.jpg,dataset\Rana\image_24.jpg,https://divar.ir/s/tehran/car?q=rana
Rana,image_25.jpg,dataset\Rana\image_25.jpg,https://divar.ir/s/tehran/car?q=rana
Rana,image_26.jpg,dataset\Rana\image_26.jpg,https://divar.ir/s/tehran/car?q=rana
Rana,image_27.jpg,dataset\Rana\image_27.jpg,https://divar.ir/s/tehran/car?q=rana
Rana,image_28.jpg,dataset\Rana\image_28.jpg,https://divar.ir/s/tehran/car?q=rana
Rana,image_29.jpg,dataset\Rana\image_29.jpg,https://divar.ir/s/tehran/car?q=rana
Rana,image_30.jpg,dataset\Rana\image_30.jpg,https://divar.ir/s/tehran/car?q=rana
Rana,image_31.jpg,dataset\Rana\image_31.jpg,https://divar.ir/s/tehran/car?q=rana
Rana,image_32.jpg,dataset\Rana\image_32.jpg,https://divar.ir/s/tehran/car?q=rana
Rana,image_33.jpg,dataset\Rana\image_33.jpg,https://divar.ir/s/tehran/car?q=rana
Rana,image_34.jpg,dataset\Rana\image_34.jpg,https://divar.ir/s/tehran/car?q=rana
Rana,image_35.jpg,dataset\Rana\image_35.jpg,https://divar.ir/s/tehran/car?q=rana
Rana,image_36.jpg,dataset\Rana\image_36.jpg,https://divar.ir/s/tehran/car?q=rana
Rana,image_37.jpg,dataset\Rana\image_37.jpg,https://divar.ir/s/tehran/car?q=rana
Rana,image_38.jpg,dataset\Rana\image_38.jpg,https://divar.ir/s/tehran/car?q=rana
Rana,image_39.jpg,dataset\Rana\image_39.jpg,https://divar.ir/s/tehran/car?q=rana
Rana,image_40.jpg,dataset\Rana\image_40.jpg,https://divar.ir/s/tehran/car?q=rana
Rana,image_41.jpg,dataset\Rana\image_41.jpg,https://divar.ir/s/tehran/car?q=rana
Rana,image_42.jpg,dataset\Rana\image_42.jpg,https://divar.ir/s/tehran/car?q=rana
Rana,image_43.jpg,dataset\Rana\image_43.jpg,https://divar.ir/s/tehran/car?q=rana
Rana,image_44.jpg,dataset\Rana\image_44.jpg,https://divar.ir/s/tehran/car?q=rana
Rana,image_45.jpg,dataset\Rana\image_45.jpg,https://divar.ir/s/tehran/car?q=rana
Rana,image_46.jpg,dataset\Rana\image_46.jpg,https://divar.ir/s/tehran/car?q=rana
Rana,image_47.jpg,dataset\Rana\image_47.jpg,https://divar.ir/s/tehran/car?q=rana
Rana,image_48.jpg,dataset\Rana\image_48.jpg,https://divar.ir/s/tehran/car?q=rana
Rana,image_49.jpg,dataset\Rana\image_49.jpg,https://divar.ir/s/tehran/car?q=rana
Rana,image_50.jpg,dataset\Rana\image_50.jpg,https://divar.ir/s/tehran/car?q=rana
Rana,image_51.jpg,dataset\Rana\image_51.jpg,https://divar.ir/s/tehran/car?q=rana
Rana,image_52.jpg,dataset\Rana\image_52.jpg,https://divar.ir/s/tehran/car?q=rana
Rana,image_53.jpg,dataset\Rana\image_53.jpg,https://divar.ir/s/tehran/car?q=rana
Rana,image_54.jpg,dataset\Rana\image_54.jpg,https://divar.ir/s/tehran/car?q=rana
Rana,image_55.jpg,dataset\Rana\image_55.jpg,https://divar.ir/s/tehran/car?q=rana
Rana,image_56.jpg,dataset\Rana\image_56.jpg,https://divar.ir/s/tehran/car?q=rana
Rana,image_57.jpg,dataset\Rana\image_57.jpg,https://divar.ir/s/tehran/car?q=rana
Rana,image_58.jpg,dataset\Rana\image_58.jpg,https://divar.ir/s/tehran/car?q=rana
Rana,image_59.jpg,dataset\Rana\image_59.jpg,https://divar.ir/s/tehran/car?q=rana
Rana,image_60.jpg,dataset\Rana\image_60.jpg,https://divar.ir/s/tehran/car?q=rana
Rana,image_61.jpg,dataset\Rana\image_61.jpg,https://divar.ir/s/tehran/car?q=rana
Rana,image_62.jpg,dataset\Rana\image_62.jpg,https://divar.ir/s/tehran/car?q=rana
Rana,image_63.jpg,dataset\Rana\image_63.jpg,https://divar.ir/s/tehran/car?q=rana
Rana,image_64.jpg,dataset\Rana\image_64.jpg,https://divar.ir/s/tehran/car?q=rana
Rana,image_65.jpg,dataset\Rana\image_65.jpg,https://divar.ir/s/tehran/car?q=rana
Rana,image_66.jpg,dataset\Rana\image_66.jpg,https://divar.ir/s/tehran/car?q=rana
Rana,image_67.jpg,dataset\Rana\image_67.jpg,https://divar.ir/s/tehran/car?q=rana
Rana,image_68.jpg,dataset\Rana\image_68.jpg,https://divar.ir/s/tehran/car?q=rana
Rana,image_69.jpg,dataset\Rana\image_69.jpg,https://divar.ir/s/tehran/car?q=rana
Rana,image_70.jpg,dataset\Rana\image_70.jpg,https://divar.ir/s/tehran/car?q=rana
Rana,image_71.jpg,dataset\Rana\image_71.jpg,https://divar.ir/s/tehran/car?q=rana
Rana,image_72.jpg,dataset\Rana\image_72.jpg,https://divar.ir/s/tehran/car?q=rana
Rana,image_73.jpg,dataset\Rana\image_73.jpg,https://divar.ir/s/tehran/car?q=rana
Rana,image_74.jpg,dataset\Rana\image_74.jpg,https://divar.ir/s/tehran/car?q=rana
Rana,image_75.jpg,dataset\Rana\image_75.jpg,https://divar.ir/s/tehran/car?q=rana
Rana,image_76.jpg,dataset\Rana\image_76.jpg,https://divar.ir/s/tehran/car?q=rana
Rana,image_77.jpg,dataset\Rana\image_77.jpg,https://divar.ir/s/tehran/car?q=rana
Rana,image_78.jpg,dataset\Rana\image_78.jpg,https://divar.ir/s/tehran/car?q=rana
Rana,image_79.jpg,dataset\Rana\image_79.jpg,https://divar.ir/s/tehran/car?q=rana
Rana,image_80.jpg,dataset\Rana\image_80.jpg,https://divar.ir/s/tehran/car?q=rana
Rana,image_81.jpg,dataset\Rana\image_81.jpg,https://divar.ir/s/tehran/car?q=rana
Rana,image_82.jpg,dataset\Rana\image_82.jpg,https://divar.ir/s/tehran/car?q=rana
Rana,image_83.jpg,dataset\Rana\image_83.jpg,https://divar.ir/s/tehran/car?q=rana
Rana,image_84.jpg,dataset\Rana\image_84.jpg,https://divar.ir/s/tehran/car?q=rana
Rana,image_85.jpg,dataset\Rana\image_85.jpg,https://divar.ir/s/tehran/car?q=rana
Rana,image_86.jpg,dataset\Rana\image_86.jpg,https://divar.ir/s/tehran/car?q=rana
Rana,image_87.jpg,dataset\Rana\image_87.jpg,https://divar.ir/s/tehran/car?q=rana
Rana,image_88.jpg,dataset\Rana\image_88.jpg,https://divar.ir/s/tehran/car?q=rana
Rana,image_89.jpg,dataset\Rana\image_89.jpg,https://divar.ir/s/tehran/car?q=rana
Rana,image_90.jpg,dataset\Rana\image_90.jpg,https://divar.ir/s/tehran/car?q=rana
Rana,image_91.jpg,dataset\Rana\image_91.jpg,https://divar.ir/s/tehran/car?q=rana
Rana,image_92.jpg,dataset\Rana\image_92.jpg,https://divar.ir/s/tehran/car?q=rana
Rana,image_93.jpg,dataset\Rana\image_93.jpg,https://divar.ir/s/tehran/car?q=rana
Rana,image_94.jpg,dataset\Rana\image_94.jpg,https://divar.ir/s/tehran/car?q=rana
Rana,image_95.jpg,dataset\Rana\image_95.jpg,https://divar.ir/s/tehran/car?q=rana
Rana,image_96.jpg,dataset\Rana\image_96.jpg,https://divar.ir/s/tehran/car?q=rana
Rana,image_97.jpg,dataset\Rana\image_97.jpg,https://divar.ir/s/tehran/car?q=rana
Rana,image_98.jpg,dataset\Rana\image_98.jpg,https://divar.ir/s/tehran/car?q=rana
Rana,image_99.jpg,dataset\Rana\image_99.jpg,https://divar.ir/s/tehran/car?q=rana
Rana,image_100.jpg,dataset\Rana\image_100.jpg,https://divar.ir/s/tehran/car?q=rana
Rana,image_101.jpg,dataset\Rana\image_101.jpg,https://divar.ir/s/tehran/car?q=rana
Rana,image_102.jpg,dataset\Rana\image_102.jpg,https://divar.ir/s/tehran/car?q=rana
Rana,image_103.jpg,dataset\Rana\image_103.jpg,https://divar.ir/s/tehran/car?q=rana
Rana,image_104.jpg,dataset\Rana\image_104.jpg,https://divar.ir/s/tehran/car?q=rana
Rana,image_105.jpg,dataset\Rana\image_105.jpg,https://divar.ir/s/tehran/car?q=rana
Rana,image_106.jpg,dataset\Rana\image_106.jpg,https://divar.ir/s/tehran/car?q=rana
Rana,image_107.jpg,dataset\Rana\image_107.jpg,https://divar.ir/s/tehran/car?q=rana
Rana,image_108.jpg,dataset\Rana\image_108.jpg,https://divar.ir/s/tehran/car?q=rana
Rana,image_109.jpg,dataset\Rana\image_109.jpg,https://divar.ir/s/tehran/car?q=rana
Rana,image_110.jpg,dataset\Rana\image_110.jpg,https://divar.ir/s/tehran/car?q=rana
Rana,image_111.jpg,dataset\Rana\image_111.jpg,https://divar.ir/s/tehran/car?q=rana
Rana,image_112.jpg,dataset\Rana\image_112.jpg,https://divar.ir/s/tehran/car?q=rana
Rana,image_113.jpg,dataset\Rana\image_113.jpg,https://divar.ir/s/tehran/car?q=rana
Rana,image_114.jpg,dataset\Rana\image_114.jpg,https://divar.ir/s/tehran/car?q=rana
Rana,image_115.jpg,dataset\Rana\image_115.jpg,https://divar.ir/s/tehran/car?q=rana
Rana,image_116.jpg,dataset\Rana\image_116.jpg,https://divar.ir/s/tehran/car?q=rana
Rana,image_117.jpg,dataset\Rana\image_117.jpg,https://divar.ir/s/tehran/car?q=rana
Rana,image_118.jpg,dataset\Rana\image_118.jpg,https://divar.ir/s/tehran/car?q=rana
Rana,image_119.jpg,dataset\Rana\image_119.jpg,https://divar.ir/s/tehran/car?q=rana
Rana,image_120.jpg,dataset\Rana\image_120.jpg,https://divar.ir/s/tehran/car?q=rana
Rana,image_121.jpg,dataset\Rana\image_121.jpg,https://divar.ir/s/tehran/car?q=rana
Rana,image_122.jpg,dataset\Rana\image_122.jpg,https://divar.ir/s/tehran/car?q=rana
Rana,image_123.jpg,dataset\Rana\image_123.jpg,https://divar.ir/s/tehran/car?q=rana
Rana,image_124.jpg,dataset\Rana\image_124.jpg,https://divar.ir/s/tehran/car?q=rana
Rana,image_125.jpg,dataset\Rana\image_125.jpg,https://divar.ir/s/tehran/car?q=rana
Rana,image_126.jpg,dataset\Rana\image_126.jpg,https://divar.ir/s/tehran/car?q=rana
Rana,image_127.jpg,dataset\Rana\image_127.jpg,https://divar.ir/s/tehran/car?q=rana
Rana,image_128.jpg,dataset\Rana\image_128.jpg,https://divar.ir/s/tehran/car?q=rana
Rana,image_129.jpg,dataset\Rana\image_129.jpg,https://divar.ir/s/tehran/car?q=rana
Rana,image_130.jpg,dataset\Rana\image_130.jpg,https://divar.ir/s/tehran/car?q=rana
Rana,image_131.jpg,dataset\Rana\image_131.jpg,https://divar.ir/s/tehran/car?q=rana
Rana,image_132.jpg,dataset\Rana\image_132.jpg,https://divar.ir/s/tehran/car?q=rana
Rana,image_133.jpg,dataset\Rana\image_133.jpg,https://divar.ir/s/tehran/car?q=rana
Rana,image_134.jpg,dataset\Rana\image_134.jpg,https://divar.ir/s/tehran/car?q=rana
Rana,image_135.jpg,dataset\Rana\image_135.jpg,https://divar.ir/s/tehran/car?q=rana
Rana,image_136.jpg,dataset\Rana\image_136.jpg,https://divar.ir/s/tehran/car?q=rana
Rana,image_137.jpg,dataset\Rana\image_137.jpg,https://divar.ir/s/tehran/car?q=rana
Rana,image_138.jpg,dataset\Rana\image_138.jpg,https://divar.ir/s/tehran/car?q=rana
Rana,image_139.jpg,dataset\Rana\image_139.jpg,https://divar.ir/s/tehran/car?q=rana
Rana,image_140.jpg,dataset\Rana\image_140.jpg,https://divar.ir/s/tehran/car?q=rana
Rana,image_141.jpg,dataset\Rana\image_141.jpg,https://divar.ir/s/tehran/car?q=rana
Rana,image_142.jpg,dataset\Rana\image_142.jpg,https://divar.ir/s/tehran/car?q=rana
Rana,image_143.jpg,dataset\Rana\image_143.jpg,https://divar.ir/s/tehran/car?q=rana
Rana,image_144.jpg,dataset\Rana\image_144.jpg,https://divar.ir/s/tehran/car?q=rana
Rana,image_145.jpg,dataset\Rana\image_145.jpg,https://divar.ir/s/tehran/car?q=rana
Rana,image_146.jpg,dataset\Rana\image_146.jpg,https://divar.ir/s/tehran/car?q=rana
Rana,image_147.jpg,dataset\Rana\image_147.jpg,https://divar.ir/s/tehran/car?q=rana
Rana,image_148.jpg,dataset\Rana\image_148.jpg,https://divar.ir/s/tehran/car?q=rana
Samand_LX,image_1.jpg,dataset\Samand_LX\image_1.jpg,https://divar.ir/s/tehran/car?q=Samand_LX
Samand_LX,image_2.jpg,dataset\Samand_LX\image_2.jpg,https://divar.ir/s/tehran/car?q=Samand_LX
Samand_LX,image_3.jpg,dataset\Samand_LX\image_3.jpg,https://divar.ir/s/tehran/car?q=Samand_LX
Samand_LX,image_4.jpg,dataset\Samand_LX\image_4.jpg,https://divar.ir/s/tehran/car?q=Samand_LX
Samand_LX,image_5.jpg,dataset\Samand_LX\image_5.jpg,https://divar.ir/s/tehran/car?q=Samand_LX
Samand_LX,image_6.jpg,dataset\Samand_LX\image_6.jpg,https://divar.ir/s/tehran/car?q=Samand_LX
Samand_LX,image_7.jpg,dataset\Samand_LX\image_7.jpg,https://divar.ir/s/tehran/car?q=Samand_LX
Samand_LX,image_8.jpg,dataset\Samand_LX\image_8.jpg,https://divar.ir/s/tehran/car?q=Samand_LX
Samand_LX,image_9.jpg,dataset\Samand_LX\image_9.jpg,https://divar.ir/s/tehran/car?q=Samand_LX
Samand_LX,image_10.jpg,dataset\Samand_LX\image_10.jpg,https://divar.ir/s/tehran/car?q=Samand_LX
Samand_LX,image_11.jpg,dataset\Samand_LX\image_11.jpg,https://divar.ir/s/tehran/car?q=Samand_LX
Samand_LX,image_12.jpg,dataset\Samand_LX\image_12.jpg,https://divar.ir/s/tehran/car?q=Samand_LX
Samand_LX,image_13.jpg,dataset\Samand_LX\image_13.jpg,https://divar.ir/s/tehran/car?q=Samand_LX
Samand_LX,image_14.jpg,dataset\Samand_LX\image_14.jpg,https://divar.ir/s/tehran/car?q=Samand_LX
Samand_LX,image_15.jpg,dataset\Samand_LX\image_15.jpg,https://divar.ir/s/tehran/car?q=Samand_LX
Samand_LX,image_16.jpg,dataset\Samand_LX\image_16.jpg,https://divar.ir/s/tehran/car?q=Samand_LX
Samand_LX,image_17.jpg,dataset\Samand_LX\image_17.jpg,https://divar.ir/s/tehran/car?q=Samand_LX
Samand_LX,image_18.jpg,dataset\Samand_LX\image_18.jpg,https://divar.ir/s/tehran/car?q=Samand_LX
Samand_LX,image_19.jpg,dataset\Samand_LX\image_19.jpg,https://divar.ir/s/tehran/car?q=Samand_LX
Samand_LX,image_20.jpg,dataset\Samand_LX\image_20.jpg,https://divar.ir/s/tehran/car?q=Samand_LX
Samand_LX,image_21.jpg,dataset\Samand_LX\image_21.jpg,https://divar.ir/s/tehran/car?q=Samand_LX
Samand_LX,image_22.jpg,dataset\Samand_LX\image_22.jpg,https://divar.ir/s/tehran/car?q=Samand_LX
Samand_LX,image_23.jpg,dataset\Samand_LX\image_23.jpg,https://divar.ir/s/tehran/car?q=Samand_LX
Samand_LX,image_24.jpg,dataset\Samand_LX\image_24.jpg,https://divar.ir/s/tehran/car?q=Samand_LX
Samand_LX,image_25.jpg,dataset\Samand_LX\image_25.jpg,https://divar.ir/s/tehran/car?q=Samand_LX
Samand_LX,image_26.jpg,dataset\Samand_LX\image_26.jpg,https://divar.ir/s/tehran/car?q=Samand_LX
Samand_LX,image_27.jpg,dataset\Samand_LX\image_27.jpg,https://divar.ir/s/tehran/car?q=Samand_LX
Samand_LX,image_28.jpg,dataset\Samand_LX\image_28.jpg,https://divar.ir/s/tehran/car?q=Samand_LX
Samand_LX,image_29.jpg,dataset\Samand_LX\image_29.jpg,https://divar.ir/s/tehran/car?q=Samand_LX
Samand_LX,image_30.jpg,dataset\Samand_LX\image_30.jpg,https://divar.ir/s/tehran/car?q=Samand_LX
Samand_LX,image_31.jpg,dataset\Samand_LX\image_31.jpg,https://divar.ir/s/tehran/car?q=Samand_LX
Samand_LX,image_32.jpg,dataset\Samand_LX\image_32.jpg,https://divar.ir/s/tehran/car?q=Samand_LX
Samand_LX,image_33.jpg,dataset\Samand_LX\image_33.jpg,https://divar.ir/s/tehran/car?q=Samand_LX
Samand_LX,image_34.jpg,dataset\Samand_LX\image_34.jpg,https://divar.ir/s/tehran/car?q=Samand_LX
Samand_LX,image_35.jpg,dataset\Samand_LX\image_35.jpg,https://divar.ir/s/tehran/car?q=Samand_LX
Samand_LX,image_36.jpg,dataset\Samand_LX\image_36.jpg,https://divar.ir/s/tehran/car?q=Samand_LX
Samand_LX,image_37.jpg,dataset\Samand_LX\image_37.jpg,https://divar.ir/s/tehran/car?q=Samand_LX
Samand_LX,image_38.jpg,dataset\Samand_LX\image_38.jpg,https://divar.ir/s/tehran/car?q=Samand_LX
Samand_LX,image_39.jpg,dataset\Samand_LX\image_39.jpg,https://divar.ir/s/tehran/car?q=Samand_LX
Samand_LX,image_40.jpg,dataset\Samand_LX\image_40.jpg,https://divar.ir/s/tehran/car?q=Samand_LX
Samand_LX,image_41.jpg,dataset\Samand_LX\image_41.jpg,https://divar.ir/s/tehran/car?q=Samand_LX
Samand_LX,image_42.jpg,dataset\Samand_LX\image_42.jpg,https://divar.ir/s/tehran/car?q=Samand_LX
Samand_LX,image_43.jpg,dataset\Samand_LX\image_43.jpg,https://divar.ir/s/tehran/car?q=Samand_LX
Samand_LX,image_44.jpg,dataset\Samand_LX\image_44.jpg,https://divar.ir/s/tehran/car?q=Samand_LX
Samand_LX,image_45.jpg,dataset\Samand_LX\image_45.jpg,https://divar.ir/s/tehran/car?q=Samand_LX
Samand_LX,image_46.jpg,dataset\Samand_LX\image_46.jpg,https://divar.ir/s/tehran/car?q=Samand_LX
Samand_LX,image_47.jpg,dataset\Samand_LX\image_47.jpg,https://divar.ir/s/tehran/car?q=Samand_LX
Samand_LX,image_48.jpg,dataset\Samand_LX\image_48.jpg,https://divar.ir/s/tehran/car?q=Samand_LX
Samand_LX,image_49.jpg,dataset\Samand_LX\image_49.jpg,https://divar.ir/s/tehran/car?q=Samand_LX
Samand_LX,image_50.jpg,dataset\Samand_LX\image_50.jpg,https://divar.ir/s/tehran/car?q=Samand_LX
Samand_LX,image_51.jpg,dataset\Samand_LX\image_51.jpg,https://divar.ir/s/tehran/car?q=Samand_LX
Samand_LX,image_52.jpg,dataset\Samand_LX\image_52.jpg,https://divar.ir/s/tehran/car?q=Samand_LX
Samand_LX,image_53.jpg,dataset\Samand_LX\image_53.jpg,https://divar.ir/s/tehran/car?q=Samand_LX
Samand_LX,image_54.jpg,dataset\Samand_LX\image_54.jpg,https://divar.ir/s/tehran/car?q=Samand_LX
Samand_LX,image_55.jpg,dataset\Samand_LX\image_55.jpg,https://divar.ir/s/tehran/car?q=Samand_LX
Samand_LX,image_56.jpg,dataset\Samand_LX\image_56.jpg,https://divar.ir/s/tehran/car?q=Samand_LX
Samand_LX,image_57.jpg,dataset\Samand_LX\image_57.jpg,https://divar.ir/s/tehran/car?q=Samand_LX
Samand_LX,image_58.jpg,dataset\Samand_LX\image_58.jpg,https://divar.ir/s/tehran/car?q=Samand_LX
Samand_LX,image_59.jpg,dataset\Samand_LX\image_59.jpg,https://divar.ir/s/tehran/car?q=Samand_LX
Samand_LX,image_60.jpg,dataset\Samand_LX\image_60.jpg,https://divar.ir/s/tehran/car?q=Samand_LX
Samand_LX,image_61.jpg,dataset\Samand_LX\image_61.jpg,https://divar.ir/s/tehran/car?q=Samand_LX
Samand_LX,image_62.jpg,dataset\Samand_LX\image_62.jpg,https://divar.ir/s/tehran/car?q=Samand_LX
Samand_LX,image_63.jpg,dataset\Samand_LX\image_63.jpg,https://divar.ir/s/tehran/car?q=Samand_LX
Samand_LX,image_64.jpg,dataset\Samand_LX\image_64.jpg,https://divar.ir/s/tehran/car?q=Samand_LX
Samand_LX,image_65.jpg,dataset\Samand_LX\image_65.jpg,https://divar.ir/s/tehran/car?q=Samand_LX
Samand_LX,image_66.jpg,dataset\Samand_LX\image_66.jpg,https://divar.ir/s/tehran/car?q=Samand_LX
Samand_LX,image_67.jpg,dataset\Samand_LX\image_67.jpg,https://divar.ir/s/tehran/car?q=Samand_LX
Samand_LX,image_68.jpg,dataset\Samand_LX\image_68.jpg,https://divar.ir/s/tehran/car?q=Samand_LX
Samand_LX,image_69.jpg,dataset\Samand_LX\image_69.jpg,https://divar.ir/s/tehran/car?q=Samand_LX
Samand_LX,image_70.jpg,dataset\Samand_LX\image_70.jpg,https://divar.ir/s/tehran/car?q=Samand_LX
Samand_LX,image_71.jpg,dataset\Samand_LX\image_71.jpg,https://divar.ir/s/tehran/car?q=Samand_LX
Samand_LX,image_72.jpg,dataset\Samand_LX\image_72.jpg,https://divar.ir/s/tehran/car?q=Samand_LX
Samand_LX,image_73.jpg,dataset\Samand_LX\image_73.jpg,https://divar.ir/s/tehran/car?q=Samand_LX
Samand_LX,image_74.jpg,dataset\Samand_LX\image_74.jpg,https://divar.ir/s/tehran/car?q=Samand_LX
Samand_LX,image_75.jpg,dataset\Samand_LX\image_75.jpg,https://divar.ir/s/tehran/car?q=Samand_LX
Samand_LX,image_76.jpg,dataset\Samand_LX\image_76.jpg,https://divar.ir/s/tehran/car?q=Samand_LX
Samand_LX,image_77.jpg,dataset\Samand_LX\image_77.jpg,https://divar.ir/s/tehran/car?q=Samand_LX
Samand_LX,image_78.jpg,dataset\Samand_LX\image_78.jpg,https://divar.ir/s/tehran/car?q=Samand_LX
Samand_LX,image_79.jpg,dataset\Samand_LX\image_79.jpg,https://divar.ir/s/tehran/car?q=Samand_LX
Samand_LX,image_80.jpg,dataset\Samand_LX\image_80.jpg,https://divar.ir/s/tehran/car?q=Samand_LX
Samand_LX,image_81.jpg,dataset\Samand_LX\image_81.jpg,https://divar.ir/s/tehran/car?q=Samand_LX
Samand_LX,image_82.jpg,dataset\Samand_LX\image_82.jpg,https://divar.ir/s/tehran/car?q=Samand_LX
Samand_LX,image_83.jpg,dataset\Samand_LX\image_83.jpg,https://divar.ir/s/tehran/car?q=Samand_LX
Samand_LX,image_84.jpg,dataset\Samand_LX\image_84.jpg,https://divar.ir/s/tehran/car?q=Samand_LX
Samand_LX,image_85.jpg,dataset\Samand_LX\image_85.jpg,https://divar.ir/s/tehran/car?q=Samand_LX
Samand_LX,image_86.jpg,dataset\Samand_LX\image_86.jpg,https://divar.ir/s/tehran/car?q=Samand_LX
Samand_LX,image_87.jpg,dataset\Samand_LX\image_87.jpg,https://divar.ir/s/tehran/car?q=Samand_LX
Samand_LX,image_88.jpg,dataset\Samand_LX\image_88.jpg,https://divar.ir/s/tehran/car?q=Samand_LX
Samand_LX,image_89.jpg,dataset\Samand_LX\image_89.jpg,https://divar.ir/s/tehran/car?q=Samand_LX
Samand_LX,image_90.jpg,dataset\Samand_LX\image_90.jpg,https://divar.ir/s/tehran/car?q=Samand_LX
Samand_LX,image_91.jpg,dataset\Samand_LX\image_91.jpg,https://divar.ir/s/tehran/car?q=Samand_LX
Samand_LX,image_92.jpg,dataset\Samand_LX\image_92.jpg,https://divar.ir/s/tehran/car?q=Samand_LX
Samand_LX,image_93.jpg,dataset\Samand_LX\image_93.jpg,https://divar.ir/s/tehran/car?q=Samand_LX
Samand_LX,image_94.jpg,dataset\Samand_LX\image_94.jpg,https://divar.ir/s/tehran/car?q=Samand_LX
Samand_LX,image_95.jpg,dataset\Samand_LX\image_95.jpg,https://divar.ir/s/tehran/car?q=Samand_LX
Samand_LX,image_96.jpg,dataset\Samand_LX\image_96.jpg,https://divar.ir/s/tehran/car?q=Samand_LX
Samand_LX,image_97.jpg,dataset\Samand_LX\image_97.jpg,https://divar.ir/s/tehran/car?q=Samand_LX
Samand_LX,image_98.jpg,dataset\Samand_LX\image_98.jpg,https://divar.ir/s/tehran/car?q=Samand_LX
Samand_LX,image_99.jpg,dataset\Samand_LX\image_99.jpg,https://divar.ir/s/tehran/car?q=Samand_LX
Samand_LX,image_100.jpg,dataset\Samand_LX\image_100.jpg,https://divar.ir/s/tehran/car?q=Samand_LX
Samand_LX,image_101.jpg,dataset\Samand_LX\image_101.jpg,https://divar.ir/s/tehran/car?q=Samand_LX
Samand_LX,image_102.jpg,dataset\Samand_LX\image_102.jpg,https://divar.ir/s/tehran/car?q=Samand_LX
Samand_LX,image_103.jpg,dataset\Samand_LX\image_103.jpg,https://divar.ir/s/tehran/car?q=Samand_LX
Samand_LX,image_104.jpg,dataset\Samand_LX\image_104.jpg,https://divar.ir/s/tehran/car?q=Samand_LX
Samand_LX,image_105.jpg,dataset\Samand_LX\image_105.jpg,https://divar.ir/s/tehran/car?q=Samand_LX
Samand_LX,image_106.jpg,dataset\Samand_LX\image_106.jpg,https://divar.ir/s/tehran/car?q=Samand_LX
Samand_LX,image_107.jpg,dataset\Samand_LX\image_107.jpg,https://divar.ir/s/tehran/car?q=Samand_LX
Samand_LX,image_108.jpg,dataset\Samand_LX\image_108.jpg,https://divar.ir/s/tehran/car?q=Samand_LX
Samand_LX,image_109.jpg,dataset\Samand_LX\image_109.jpg,https://divar.ir/s/tehran/car?q=Samand_LX
Samand_LX,image_110.jpg,dataset\Samand_LX\image_110.jpg,https://divar.ir/s/tehran/car?q=Samand_LX
Samand_LX,image_111.jpg,dataset\Samand_LX\image_111.jpg,https://divar.ir/s/tehran/car?q=Samand_LX
Samand_LX,image_112.jpg,dataset\Samand_LX\image_112.jpg,https://divar.ir/s/tehran/car?q=Samand_LX
Samand_LX,image_113.jpg,dataset\Samand_LX\image_113.jpg,https://divar.ir/s/tehran/car?q=Samand_LX
Samand_LX,image_114.jpg,dataset\Samand_LX\image_114.jpg,https://divar.ir/s/tehran/car?q=Samand_LX
Samand_LX,image_115.jpg,dataset\Samand_LX\image_115.jpg,https://divar.ir/s/tehran/car?q=Samand_LX
Samand_LX,image_116.jpg,dataset\Samand_LX\image_116.jpg,https://divar.ir/s/tehran/car?q=Samand_LX
Samand_LX,image_117.jpg,dataset\Samand_LX\image_117.jpg,https://divar.ir/s/tehran/car?q=Samand_LX
Samand_LX,image_118.jpg,dataset\Samand_LX\image_118.jpg,https://divar.ir/s/tehran/car?q=Samand_LX
Samand_LX,image_119.jpg,dataset\Samand_LX\image_119.jpg,https://divar.ir/s/tehran/car?q=Samand_LX
Samand_LX,image_120.jpg,dataset\Samand_LX\image_120.jpg,https://divar.ir/s/tehran/car?q=Samand_LX
Samand_LX,image_121.jpg,dataset\Samand_LX\image_121.jpg,https://divar.ir/s/tehran/car?q=Samand_LX
Samand_LX,image_122.jpg,dataset\Samand_LX\image_122.jpg,https://divar.ir/s/tehran/car?q=Samand_LX
Samand_LX,image_123.jpg,dataset\Samand_LX\image_123.jpg,https://divar.ir/s/tehran/car?q=Samand_LX
Samand_LX,image_124.jpg,dataset\Samand_LX\image_124.jpg,https://divar.ir/s/tehran/car?q=Samand_LX
Samand_LX,image_125.jpg,dataset\Samand_LX\image_125.jpg,https://divar.ir/s/tehran/car?q=Samand_LX
Samand_LX,image_126.jpg,dataset\Samand_LX\image_126.jpg,https://divar.ir/s/tehran/car?q=Samand_LX
Samand_LX,image_127.jpg,dataset\Samand_LX\image_127.jpg,https://divar.ir/s/tehran/car?q=Samand_LX
Samand_LX,image_128.jpg,dataset\Samand_LX\image_128.jpg,https://divar.ir/s/tehran/car?q=Samand_LX
Samand_LX,image_129.jpg,dataset\Samand_LX\image_129.jpg,https://divar.ir/s/tehran/car?q=Samand_LX
Samand_LX,image_130.jpg,dataset\Samand_LX\image_130.jpg,https://divar.ir/s/tehran/car?q=Samand_LX
Samand_LX,image_131.jpg,dataset\Samand_LX\image_131.jpg,https://divar.ir/s/tehran/car?q=Samand_LX
Samand_LX,image_132.jpg,dataset\Samand_LX\image_132.jpg,https://divar.ir/s/tehran/car?q=Samand_LX
Samand_LX,image_133.jpg,dataset\Samand_LX\image_133.jpg,https://divar.ir/s/tehran/car?q=Samand_LX
Samand_LX,image_134.jpg,dataset\Samand_LX\image_134.jpg,https://divar.ir/s/tehran/car?q=Samand_LX
Samand_LX,image_135.jpg,dataset\Samand_LX\image_135.jpg,https://divar.ir/s/tehran/car?q=Samand_LX
Samand_LX,image_136.jpg,dataset\Samand_LX\image_136.jpg,https://divar.ir/s/tehran/car?q=Samand_LX
Samand_LX,image_137.jpg,dataset\Samand_LX\image_137.jpg,https://divar.ir/s/tehran/car?q=Samand_LX
Samand_LX,image_138.jpg,dataset\Samand_LX\image_138.jpg,https://divar.ir/s/tehran/car?q=Samand_LX
Samand_LX,image_139.jpg,dataset\Samand_LX\image_139.jpg,https://divar.ir/s/tehran/car?q=Samand_LX
Samand_LX,image_140.jpg,dataset\Samand_LX\image_140.jpg,https://divar.ir/s/tehran/car?q=Samand_LX
Samand_LX,image_141.jpg,dataset\Samand_LX\image_141.jpg,https://divar.ir/s/tehran/car?q=Samand_LX
Samand_LX,image_142.jpg,dataset\Samand_LX\image_142.jpg,https://divar.ir/s/tehran/car?q=Samand_LX
Samand_LX,image_143.jpg,dataset\Samand_LX\image_143.jpg,https://divar.ir/s/tehran/car?q=Samand_LX
Samand_LX,image_144.jpg,dataset\Samand_LX\image_144.jpg,https://divar.ir/s/tehran/car?q=Samand_LX
Samand_LX,image_145.jpg,dataset\Samand_LX\image_145.jpg,https://divar.ir/s/tehran/car?q=Samand_LX
Samand_LX,image_146.jpg,dataset\Samand_LX\image_146.jpg,https://divar.ir/s/tehran/car?q=Samand_LX
Samand_LX,image_147.jpg,dataset\Samand_LX\image_147.jpg,https://divar.ir/s/tehran/car?q=Samand_LX
Samand_LX,image_148.jpg,dataset\Samand_LX\image_148.jpg,https://divar.ir/s/tehran/car?q=Samand_LX
Samand_LX,image_149.jpg,dataset\Samand_LX\image_149.jpg,https://divar.ir/s/tehran/car?q=Samand_LX
Samand_LX,image_150.jpg,dataset\Samand_LX\image_150.jpg,https://divar.ir/s/tehran/car?q=Samand_LX
Samand_LX,image_151.jpg,dataset\Samand_LX\image_151.jpg,https://divar.ir/s/tehran/car?q=Samand_LX
Samand_LX,image_152.jpg,dataset\Samand_LX\image_152.jpg,https://divar.ir/s/tehran/car?q=Samand_LX
Samand_LX,image_153.jpg,dataset\Samand_LX\image_153.jpg,https://divar.ir/s/tehran/car?q=Samand_LX
Samand_LX,image_154.jpg,dataset\Samand_LX\image_154.jpg,https://divar.ir/s/tehran/car?q=Samand_LX
Samand_LX,image_155.jpg,dataset\Samand_LX\image_155.jpg,https://divar.ir/s/tehran/car?q=Samand_LX
Samand_LX,image_156.jpg,dataset\Samand_LX\image_156.jpg,https://divar.ir/s/tehran/car?q=Samand_LX
Samand_LX,image_157.jpg,dataset\Samand_LX\image_157.jpg,https://divar.ir/s/tehran/car?q=Samand_LX
Samand_LX,image_158.jpg,dataset\Samand_LX\image_158.jpg,https://divar.ir/s/tehran/car?q=Samand_LX
Samand_LX,image_159.jpg,dataset\Samand_LX\image_159.jpg,https://divar.ir/s/tehran/car?q=Samand_LX
Samand_LX,image_160.jpg,dataset\Samand_LX\image_160.jpg,https://divar.ir/s/tehran/car?q=Samand_LX
Samand_LX,image_161.jpg,dataset\Samand_LX\image_161.jpg,https://divar.ir/s/tehran/car?q=Samand_LX
Samand_LX,image_162.jpg,dataset\Samand_LX\image_162.jpg,https://divar.ir/s/tehran/car?q=Samand_LX
Samand_LX,image_163.jpg,dataset\Samand_LX\image_163.jpg,https://divar.ir/s/tehran/car?q=Samand_LX
Samand_LX,image_164.jpg,dataset\Samand_LX\image_164.jpg,https://divar.ir/s/tehran/car?q=Samand_LX
Samand_LX,image_165.jpg,dataset\Samand_LX\image_165.jpg,https://divar.ir/s/tehran/car?q=Samand_LX
Samand_LX,image_166.jpg,dataset\Samand_LX\image_166.jpg,https://divar.ir/s/tehran/car?q=Samand_LX
Samand_LX,image_167.jpg,dataset\Samand_LX\image_167.jpg,https://divar.ir/s/tehran/car?q=Samand_LX
Samand_LX,image_168.jpg,dataset\Samand_LX\image_168.jpg,https://divar.ir/s/tehran/car?q=Samand_LX
Samand_LX,image_169.jpg,dataset\Samand_LX\image_169.jpg,https://divar.ir/s/tehran/car?q=Samand_LX
Samand_LX,image_170.jpg,dataset\Samand_LX\image_170.jpg,https://divar.ir/s/tehran/car?q=Samand_LX
Samand_LX,image_171.jpg,dataset\Samand_LX\image_171.jpg,https://divar.ir/s/tehran/car?q=Samand_LX
Samand_LX,image_172.jpg,dataset\Samand_LX\image_172.jpg,https://divar.ir/s/tehran/car?q=Samand_LX
Samand_LX,image_173.jpg,dataset\Samand_LX\image_173.jpg,https://divar.ir/s/tehran/car?q=Samand_LX
Samand_LX,image_174.jpg,dataset\Samand_LX\image_174.jpg,https://divar.ir/s/tehran/car?q=Samand_LX
Samand_LX,image_175.jpg,dataset\Samand_LX\image_175.jpg,https://divar.ir/s/tehran/car?q=Samand_LX
Samand_LX,image_176.jpg,dataset\Samand_LX\image_176.jpg,https://divar.ir/s/tehran/car?q=Samand_LX
Samand_LX,image_177.jpg,dataset\Samand_LX\image_177.jpg,https://divar.ir/s/tehran/car?q=Samand_LX
Samand_LX,image_178.jpg,dataset\Samand_LX\image_178.jpg,https://divar.ir/s/tehran/car?q=Samand_LX
Samand_LX,image_179.jpg,dataset\Samand_LX\image_179.jpg,https://divar.ir/s/tehran/car?q=Samand_LX
Samand_LX,image_180.jpg,dataset\Samand_LX\image_180.jpg,https://divar.ir/s/tehran/car?q=Samand_LX
Samand_LX,image_181.jpg,dataset\Samand_LX\image_181.jpg,https://divar.ir/s/tehran/car?q=Samand_LX
Samand_LX,image_182.jpg,dataset\Samand_LX\image_182.jpg,https://divar.ir/s/tehran/car?q=Samand_LX
Samand_LX,image_183.jpg,dataset\Samand_LX\image_183.jpg,https://divar.ir/s/tehran/car?q=Samand_LX
Samand_LX,image_184.jpg,dataset\Samand_LX\image_184.jpg,https://divar.ir/s/tehran/car?q=Samand_LX
Samand_LX,image_185.jpg,dataset\Samand_LX\image_185.jpg,https://divar.ir/s/tehran/car?q=Samand_LX
Samand_LX,image_186.jpg,dataset\Samand_LX\image_186.jpg,https://divar.ir/s/tehran/car?q=Samand_LX
Samand_LX,image_187.jpg,dataset\Samand_LX\image_187.jpg,https://divar.ir/s/tehran/car?q=Samand_LX
Samand_LX,image_188.jpg,dataset\Samand_LX\image_188.jpg,https://divar.ir/s/tehran/car?q=Samand_LX
Samand_LX,image_189.jpg,dataset\Samand_LX\image_189.jpg,https://divar.ir/s/tehran/car?q=Samand_LX
Samand_LX,image_190.jpg,dataset\Samand_LX\image_190.jpg,https://divar.ir/s/tehran/car?q=Samand_LX
Samand_LX,image_191.jpg,dataset\Samand_LX\image_191.jpg,https://divar.ir/s/tehran/car?q=Samand_LX
Samand_LX,image_192.jpg,dataset\Samand_LX\image_192.jpg,https://divar.ir/s/tehran/car?q=Samand_LX
Samand_LX,image_193.jpg,dataset\Samand_LX\image_193.jpg,https://divar.ir/s/tehran/car?q=Samand_LX
Samand_LX,image_194.jpg,dataset\Samand_LX\image_194.jpg,https://divar.ir/s/tehran/car?q=Samand_LX
Samand_LX,image_195.jpg,dataset\Samand_LX\image_195.jpg,https://divar.ir/s/tehran/car?q=Samand_LX
Samand_LX,image_196.jpg,dataset\Samand_LX\image_196.jpg,https://divar.ir/s/tehran/car?q=Samand_LX
Samand_LX,image_197.jpg,dataset\Samand_LX\image_197.jpg,https://divar.ir/s/tehran/car?q=Samand_LX
Samand_LX,image_198.jpg,dataset\Samand_LX\image_198.jpg,https://divar.ir/s/tehran/car?q=Samand_LX
Samand_LX,image_199.jpg,dataset\Samand_LX\image_199.jpg,https://divar.ir/s/tehran/car?q=Samand_LX
Samand_LX,image_200.jpg,dataset\Samand_LX\image_200.jpg,https://divar.ir/s/tehran/car?q=Samand_LX
Samand_Soren,image_1.jpg,dataset\Samand_Soren\image_1.jpg,https://divar.ir/s/tehran/car?q=Samand_Soren
Samand_Soren,image_2.jpg,dataset\Samand_Soren\image_2.jpg,https://divar.ir/s/tehran/car?q=Samand_Soren
Samand_Soren,image_3.jpg,dataset\Samand_Soren\image_3.jpg,https://divar.ir/s/tehran/car?q=Samand_Soren
Samand_Soren,image_4.jpg,dataset\Samand_Soren\image_4.jpg,https://divar.ir/s/tehran/car?q=Samand_Soren
Samand_Soren,image_5.jpg,dataset\Samand_Soren\image_5.jpg,https://divar.ir/s/tehran/car?q=Samand_Soren
Samand_Soren,image_6.jpg,dataset\Samand_Soren\image_6.jpg,https://divar.ir/s/tehran/car?q=Samand_Soren
Samand_Soren,image_7.jpg,dataset\Samand_Soren\image_7.jpg,https://divar.ir/s/tehran/car?q=Samand_Soren
Samand_Soren,image_8.jpg,dataset\Samand_Soren\image_8.jpg,https://divar.ir/s/tehran/car?q=Samand_Soren
Samand_Soren,image_9.jpg,dataset\Samand_Soren\image_9.jpg,https://divar.ir/s/tehran/car?q=Samand_Soren
Samand_Soren,image_10.jpg,dataset\Samand_Soren\image_10.jpg,https://divar.ir/s/tehran/car?q=Samand_Soren
Samand_Soren,image_11.jpg,dataset\Samand_Soren\image_11.jpg,https://divar.ir/s/tehran/car?q=Samand_Soren
Samand_Soren,image_12.jpg,dataset\Samand_Soren\image_12.jpg,https://divar.ir/s/tehran/car?q=Samand_Soren
Samand_Soren,image_13.jpg,dataset\Samand_Soren\image_13.jpg,https://divar.ir/s/tehran/car?q=Samand_Soren
Samand_Soren,image_14.jpg,dataset\Samand_Soren\image_14.jpg,https://divar.ir/s/tehran/car?q=Samand_Soren
Samand_Soren,image_15.jpg,dataset\Samand_Soren\image_15.jpg,https://divar.ir/s/tehran/car?q=Samand_Soren
Samand_Soren,image_16.jpg,dataset\Samand_Soren\image_16.jpg,https://divar.ir/s/tehran/car?q=Samand_Soren
Samand_Soren,image_17.jpg,dataset\Samand_Soren\image_17.jpg,https://divar.ir/s/tehran/car?q=Samand_Soren
Samand_Soren,image_18.jpg,dataset\Samand_Soren\image_18.jpg,https://divar.ir/s/tehran/car?q=Samand_Soren
Samand_Soren,image_19.jpg,dataset\Samand_Soren\image_19.jpg,https://divar.ir/s/tehran/car?q=Samand_Soren
Samand_Soren,image_20.jpg,dataset\Samand_Soren\image_20.jpg,https://divar.ir/s/tehran/car?q=Samand_Soren
Samand_Soren,image_21.jpg,dataset\Samand_Soren\image_21.jpg,https://divar.ir/s/tehran/car?q=Samand_Soren
Samand_Soren,image_22.jpg,dataset\Samand_Soren\image_22.jpg,https://divar.ir/s/tehran/car?q=Samand_Soren
Samand_Soren,image_23.jpg,dataset\Samand_Soren\image_23.jpg,https://divar.ir/s/tehran/car?q=Samand_Soren
Samand_Soren,image_24.jpg,dataset\Samand_Soren\image_24.jpg,https://divar.ir/s/tehran/car?q=Samand_Soren
Samand_Soren,image_25.jpg,dataset\Samand_Soren\image_25.jpg,https://divar.ir/s/tehran/car?q=Samand_Soren
Samand_Soren,image_26.jpg,dataset\Samand_Soren\image_26.jpg,https://divar.ir/s/tehran/car?q=Samand_Soren
Samand_Soren,image_27.jpg,dataset\Samand_Soren\image_27.jpg,https://divar.ir/s/tehran/car?q=Samand_Soren
Samand_Soren,image_28.jpg,dataset\Samand_Soren\image_28.jpg,https://divar.ir/s/tehran/car?q=Samand_Soren
Samand_Soren,image_29.jpg,dataset\Samand_Soren\image_29.jpg,https://divar.ir/s/tehran/car?q=Samand_Soren
Samand_Soren,image_30.jpg,dataset\Samand_Soren\image_30.jpg,https://divar.ir/s/tehran/car?q=Samand_Soren
Samand_Soren,image_31.jpg,dataset\Samand_Soren\image_31.jpg,https://divar.ir/s/tehran/car?q=Samand_Soren
Samand_Soren,image_32.jpg,dataset\Samand_Soren\image_32.jpg,https://divar.ir/s/tehran/car?q=Samand_Soren
Samand_Soren,image_33.jpg,dataset\Samand_Soren\image_33.jpg,https://divar.ir/s/tehran/car?q=Samand_Soren
Samand_Soren,image_34.jpg,dataset\Samand_Soren\image_34.jpg,https://divar.ir/s/tehran/car?q=Samand_Soren
Samand_Soren,image_35.jpg,dataset\Samand_Soren\image_35.jpg,https://divar.ir/s/tehran/car?q=Samand_Soren
Samand_Soren,image_36.jpg,dataset\Samand_Soren\image_36.jpg,https://divar.ir/s/tehran/car?q=Samand_Soren
Samand_Soren,image_37.jpg,dataset\Samand_Soren\image_37.jpg,https://divar.ir/s/tehran/car?q=Samand_Soren
Samand_Soren,image_38.jpg,dataset\Samand_Soren\image_38.jpg,https://divar.ir/s/tehran/car?q=Samand_Soren
Samand_Soren,image_39.jpg,dataset\Samand_Soren\image_39.jpg,https://divar.ir/s/tehran/car?q=Samand_Soren
Samand_Soren,image_40.jpg,dataset\Samand_Soren\image_40.jpg,https://divar.ir/s/tehran/car?q=Samand_Soren
Samand_Soren,image_41.jpg,dataset\Samand_Soren\image_41.jpg,https://divar.ir/s/tehran/car?q=Samand_Soren
Samand_Soren,image_42.jpg,dataset\Samand_Soren\image_42.jpg,https://divar.ir/s/tehran/car?q=Samand_Soren
Samand_Soren,image_43.jpg,dataset\Samand_Soren\image_43.jpg,https://divar.ir/s/tehran/car?q=Samand_Soren
Samand_Soren,image_44.jpg,dataset\Samand_Soren\image_44.jpg,https://divar.ir/s/tehran/car?q=Samand_Soren
Samand_Soren,image_45.jpg,dataset\Samand_Soren\image_45.jpg,https://divar.ir/s/tehran/car?q=Samand_Soren
Samand_Soren,image_46.jpg,dataset\Samand_Soren\image_46.jpg,https://divar.ir/s/tehran/car?q=Samand_Soren
Samand_Soren,image_47.jpg,dataset\Samand_Soren\image_47.jpg,https://divar.ir/s/tehran/car?q=Samand_Soren
Samand_Soren,image_48.jpg,dataset\Samand_Soren\image_48.jpg,https://divar.ir/s/tehran/car?q=Samand_Soren
Samand_Soren,image_49.jpg,dataset\Samand_Soren\image_49.jpg,https://divar.ir/s/tehran/car?q=Samand_Soren
Samand_Soren,image_50.jpg,dataset\Samand_Soren\image_50.jpg,https://divar.ir/s/tehran/car?q=Samand_Soren
Samand_Soren,image_51.jpg,dataset\Samand_Soren\image_51.jpg,https://divar.ir/s/tehran/car?q=Samand_Soren
Samand_Soren,image_52.jpg,dataset\Samand_Soren\image_52.jpg,https://divar.ir/s/tehran/car?q=Samand_Soren
Samand_Soren,image_53.jpg,dataset\Samand_Soren\image_53.jpg,https://divar.ir/s/tehran/car?q=Samand_Soren
Samand_Soren,image_54.jpg,dataset\Samand_Soren\image_54.jpg,https://divar.ir/s/tehran/car?q=Samand_Soren
Samand_Soren,image_55.jpg,dataset\Samand_Soren\image_55.jpg,https://divar.ir/s/tehran/car?q=Samand_Soren
Samand_Soren,image_56.jpg,dataset\Samand_Soren\image_56.jpg,https://divar.ir/s/tehran/car?q=Samand_Soren
Samand_Soren,image_57.jpg,dataset\Samand_Soren\image_57.jpg,https://divar.ir/s/tehran/car?q=Samand_Soren
Samand_Soren,image_58.jpg,dataset\Samand_Soren\image_58.jpg,https://divar.ir/s/tehran/car?q=Samand_Soren
Samand_Soren,image_59.jpg,dataset\Samand_Soren\image_59.jpg,https://divar.ir/s/tehran/car?q=Samand_Soren
Samand_Soren,image_60.jpg,dataset\Samand_Soren\image_60.jpg,https://divar.ir/s/tehran/car?q=Samand_Soren
Samand_Soren,image_61.jpg,dataset\Samand_Soren\image_61.jpg,https://divar.ir/s/tehran/car?q=Samand_Soren
Samand_Soren,image_62.jpg,dataset\Samand_Soren\image_62.jpg,https://divar.ir/s/tehran/car?q=Samand_Soren
Samand_Soren,image_63.jpg,dataset\Samand_Soren\image_63.jpg,https://divar.ir/s/tehran/car?q=Samand_Soren
Samand_Soren,image_64.jpg,dataset\Samand_Soren\image_64.jpg,https://divar.ir/s/tehran/car?q=Samand_Soren
Samand_Soren,image_65.jpg,dataset\Samand_Soren\image_65.jpg,https://divar.ir/s/tehran/car?q=Samand_Soren
Samand_Soren,image_66.jpg,dataset\Samand_Soren\image_66.jpg,https://divar.ir/s/tehran/car?q=Samand_Soren
Samand_Soren,image_67.jpg,dataset\Samand_Soren\image_67.jpg,https://divar.ir/s/tehran/car?q=Samand_Soren
Samand_Soren,image_68.jpg,dataset\Samand_Soren\image_68.jpg,https://divar.ir/s/tehran/car?q=Samand_Soren
Samand_Soren,image_69.jpg,dataset\Samand_Soren\image_69.jpg,https://divar.ir/s/tehran/car?q=Samand_Soren
Samand_Soren,image_70.jpg,dataset\Samand_Soren\image_70.jpg,https://divar.ir/s/tehran/car?q=Samand_Soren
Samand_Soren,image_71.jpg,dataset\Samand_Soren\image_71.jpg,https://divar.ir/s/tehran/car?q=Samand_Soren
Samand_Soren,image_72.jpg,dataset\Samand_Soren\image_72.jpg,https://divar.ir/s/tehran/car?q=Samand_Soren
Samand_Soren,image_73.jpg,dataset\Samand_Soren\image_73.jpg,https://divar.ir/s/tehran/car?q=Samand_Soren
Samand_Soren,image_74.jpg,dataset\Samand_Soren\image_74.jpg,https://divar.ir/s/tehran/car?q=Samand_Soren
Samand_Soren,image_75.jpg,dataset\Samand_Soren\image_75.jpg,https://divar.ir/s/tehran/car?q=Samand_Soren
Samand_Soren,image_76.jpg,dataset\Samand_Soren\image_76.jpg,https://divar.ir/s/tehran/car?q=Samand_Soren
Samand_Soren,image_77.jpg,dataset\Samand_Soren\image_77.jpg,https://divar.ir/s/tehran/car?q=Samand_Soren
Samand_Soren,image_78.jpg,dataset\Samand_Soren\image_78.jpg,https://divar.ir/s/tehran/car?q=Samand_Soren
Samand_Soren,image_79.jpg,dataset\Samand_Soren\image_79.jpg,https://divar.ir/s/tehran/car?q=Samand_Soren
Samand_Soren,image_80.jpg,dataset\Samand_Soren\image_80.jpg,https://divar.ir/s/tehran/car?q=Samand_Soren
Samand_Soren,image_81.jpg,dataset\Samand_Soren\image_81.jpg,https://divar.ir/s/tehran/car?q=Samand_Soren
Samand_Soren,image_82.jpg,dataset\Samand_Soren\image_82.jpg,https://divar.ir/s/tehran/car?q=Samand_Soren
Samand_Soren,image_83.jpg,dataset\Samand_Soren\image_83.jpg,https://divar.ir/s/tehran/car?q=Samand_Soren
Samand_Soren,image_84.jpg,dataset\Samand_Soren\image_84.jpg,https://divar.ir/s/tehran/car?q=Samand_Soren
Samand_Soren,image_85.jpg,dataset\Samand_Soren\image_85.jpg,https://divar.ir/s/tehran/car?q=Samand_Soren
Samand_Soren,image_86.jpg,dataset\Samand_Soren\image_86.jpg,https://divar.ir/s/tehran/car?q=Samand_Soren
Samand_Soren,image_87.jpg,dataset\Samand_Soren\image_87.jpg,https://divar.ir/s/tehran/car?q=Samand_Soren
Samand_Soren,image_88.jpg,dataset\Samand_Soren\image_88.jpg,https://divar.ir/s/tehran/car?q=Samand_Soren
Samand_Soren,image_89.jpg,dataset\Samand_Soren\image_89.jpg,https://divar.ir/s/tehran/car?q=Samand_Soren
Samand_Soren,image_90.jpg,dataset\Samand_Soren\image_90.jpg,https://divar.ir/s/tehran/car?q=Samand_Soren
Samand_Soren,image_91.jpg,dataset\Samand_Soren\image_91.jpg,https://divar.ir/s/tehran/car?q=Samand_Soren
Samand_Soren,image_92.jpg,dataset\Samand_Soren\image_92.jpg,https://divar.ir/s/tehran/car?q=Samand_Soren
Samand_Soren,image_93.jpg,dataset\Samand_Soren\image_93.jpg,https://divar.ir/s/tehran/car?q=Samand_Soren
Samand_Soren,image_94.jpg,dataset\Samand_Soren\image_94.jpg,https://divar.ir/s/tehran/car?q=Samand_Soren
Samand_Soren,image_95.jpg,dataset\Samand_Soren\image_95.jpg,https://divar.ir/s/tehran/car?q=Samand_Soren
Samand_Soren,image_96.jpg,dataset\Samand_Soren\image_96.jpg,https://divar.ir/s/tehran/car?q=Samand_Soren
Samand_Soren,image_97.jpg,dataset\Samand_Soren\image_97.jpg,https://divar.ir/s/tehran/car?q=Samand_Soren
Samand_Soren,image_98.jpg,dataset\Samand_Soren\image_98.jpg,https://divar.ir/s/tehran/car?q=Samand_Soren
Samand_Soren,image_99.jpg,dataset\Samand_Soren\image_99.jpg,https://divar.ir/s/tehran/car?q=Samand_Soren
Samand_Soren,image_100.jpg,dataset\Samand_Soren\image_100.jpg,https://divar.ir/s/tehran/car?q=Samand_Soren
Samand_Soren,image_101.jpg,dataset\Samand_Soren\image_101.jpg,https://divar.ir/s/tehran/car?q=Samand_Soren
Samand_Soren,image_102.jpg,dataset\Samand_Soren\image_102.jpg,https://divar.ir/s/tehran/car?q=Samand_Soren
Samand_Soren,image_103.jpg,dataset\Samand_Soren\image_103.jpg,https://divar.ir/s/tehran/car?q=Samand_Soren
Samand_Soren,image_104.jpg,dataset\Samand_Soren\image_104.jpg,https://divar.ir/s/tehran/car?q=Samand_Soren
Samand_Soren,image_105.jpg,dataset\Samand_Soren\image_105.jpg,https://divar.ir/s/tehran/car?q=Samand_Soren
Samand_Soren,image_106.jpg,dataset\Samand_Soren\image_106.jpg,https://divar.ir/s/tehran/car?q=Samand_Soren
Samand_Soren,image_107.jpg,dataset\Samand_Soren\image_107.jpg,https://divar.ir/s/tehran/car?q=Samand_Soren
Samand_Soren,image_108.jpg,dataset\Samand_Soren\image_108.jpg,https://divar.ir/s/tehran/car?q=Samand_Soren
Samand_Soren,image_109.jpg,dataset\Samand_Soren\image_109.jpg,https://divar.ir/s/tehran/car?q=Samand_Soren
Samand_Soren,image_110.jpg,dataset\Samand_Soren\image_110.jpg,https://divar.ir/s/tehran/car?q=Samand_Soren
Samand_Soren,image_111.jpg,dataset\Samand_Soren\image_111.jpg,https://divar.ir/s/tehran/car?q=Samand_Soren
Samand_Soren,image_112.jpg,dataset\Samand_Soren\image_112.jpg,https://divar.ir/s/tehran/car?q=Samand_Soren
Samand_Soren,image_113.jpg,dataset\Samand_Soren\image_113.jpg,https://divar.ir/s/tehran/car?q=Samand_Soren
Samand_Soren,image_114.jpg,dataset\Samand_Soren\image_114.jpg,https://divar.ir/s/tehran/car?q=Samand_Soren
Samand_Soren,image_115.jpg,dataset\Samand_Soren\image_115.jpg,https://divar.ir/s/tehran/car?q=Samand_Soren
Samand_Soren,image_116.jpg,dataset\Samand_Soren\image_116.jpg,https://divar.ir/s/tehran/car?q=Samand_Soren
Samand_Soren,image_117.jpg,dataset\Samand_Soren\image_117.jpg,https://divar.ir/s/tehran/car?q=Samand_Soren
Samand_Soren,image_118.jpg,dataset\Samand_Soren\image_118.jpg,https://divar.ir/s/tehran/car?q=Samand_Soren
Samand_Soren,image_119.jpg,dataset\Samand_Soren\image_119.jpg,https://divar.ir/s/tehran/car?q=Samand_Soren
Samand_Soren,image_120.jpg,dataset\Samand_Soren\image_120.jpg,https://divar.ir/s/tehran/car?q=Samand_Soren
Samand_Soren,image_121.jpg,dataset\Samand_Soren\image_121.jpg,https://divar.ir/s/tehran/car?q=Samand_Soren
Samand_Soren,image_122.jpg,dataset\Samand_Soren\image_122.jpg,https://divar.ir/s/tehran/car?q=Samand_Soren
Samand_Soren,image_123.jpg,dataset\Samand_Soren\image_123.jpg,https://divar.ir/s/tehran/car?q=Samand_Soren
Samand_Soren,image_124.jpg,dataset\Samand_Soren\image_124.jpg,https://divar.ir/s/tehran/car?q=Samand_Soren
Samand_Soren,image_125.jpg,dataset\Samand_Soren\image_125.jpg,https://divar.ir/s/tehran/car?q=Samand_Soren
Samand_Soren,image_126.jpg,dataset\Samand_Soren\image_126.jpg,https://divar.ir/s/tehran/car?q=Samand_Soren
Samand_Soren,image_127.jpg,dataset\Samand_Soren\image_127.jpg,https://divar.ir/s/tehran/car?q=Samand_Soren
Samand_Soren,image_128.jpg,dataset\Samand_Soren\image_128.jpg,https://divar.ir/s/tehran/car?q=Samand_Soren
Samand_Soren,image_129.jpg,dataset\Samand_Soren\image_129.jpg,https://divar.ir/s/tehran/car?q=Samand_Soren
Samand_Soren,image_130.jpg,dataset\Samand_Soren\image_130.jpg,https://divar.ir/s/tehran/car?q=Samand_Soren
Samand_Soren,image_131.jpg,dataset\Samand_Soren\image_131.jpg,https://divar.ir/s/tehran/car?q=Samand_Soren
Samand_Soren,image_132.jpg,dataset\Samand_Soren\image_132.jpg,https://divar.ir/s/tehran/car?q=Samand_Soren
Samand_Soren,image_133.jpg,dataset\Samand_Soren\image_133.jpg,https://divar.ir/s/tehran/car?q=Samand_Soren
Samand_Soren,image_134.jpg,dataset\Samand_Soren\image_134.jpg,https://divar.ir/s/tehran/car?q=Samand_Soren
Samand_Soren,image_135.jpg,dataset\Samand_Soren\image_135.jpg,https://divar.ir/s/tehran/car?q=Samand_Soren
Samand_Soren,image_136.jpg,dataset\Samand_Soren\image_136.jpg,https://divar.ir/s/tehran/car?q=Samand_Soren
Samand_Soren,image_137.jpg,dataset\Samand_Soren\image_137.jpg,https://divar.ir/s/tehran/car?q=Samand_Soren
Samand_Soren,image_138.jpg,dataset\Samand_Soren\image_138.jpg,https://divar.ir/s/tehran/car?q=Samand_Soren
Samand_Soren,image_139.jpg,dataset\Samand_Soren\image_139.jpg,https://divar.ir/s/tehran/car?q=Samand_Soren
Samand_Soren,image_140.jpg,dataset\Samand_Soren\image_140.jpg,https://divar.ir/s/tehran/car?q=Samand_Soren
Samand_Soren,image_141.jpg,dataset\Samand_Soren\image_141.jpg,https://divar.ir/s/tehran/car?q=Samand_Soren
Samand_Soren,image_142.jpg,dataset\Samand_Soren\image_142.jpg,https://divar.ir/s/tehran/car?q=Samand_Soren
Samand_Soren,image_143.jpg,dataset\Samand_Soren\image_143.jpg,https://divar.ir/s/tehran/car?q=Samand_Soren
Samand_Soren,image_144.jpg,dataset\Samand_Soren\image_144.jpg,https://divar.ir/s/tehran/car?q=Samand_Soren
Samand_Soren,image_145.jpg,dataset\Samand_Soren\image_145.jpg,https://divar.ir/s/tehran/car?q=Samand_Soren
Samand_Soren,image_146.jpg,dataset\Samand_Soren\image_146.jpg,https://divar.ir/s/tehran/car?q=Samand_Soren
Samand_Soren,image_147.jpg,dataset\Samand_Soren\image_147.jpg,https://divar.ir/s/tehran/car?q=Samand_Soren
Samand_Soren,image_148.jpg,dataset\Samand_Soren\image_148.jpg,https://divar.ir/s/tehran/car?q=Samand_Soren
Samand_Soren,image_149.jpg,dataset\Samand_Soren\image_149.jpg,https://divar.ir/s/tehran/car?q=Samand_Soren
Samand_Soren,image_150.jpg,dataset\Samand_Soren\image_150.jpg,https://divar.ir/s/tehran/car?q=Samand_Soren
Samand_Soren,image_151.jpg,dataset\Samand_Soren\image_151.jpg,https://divar.ir/s/tehran/car?q=Samand_Soren
Samand_Soren,image_152.jpg,dataset\Samand_Soren\image_152.jpg,https://divar.ir/s/tehran/car?q=Samand_Soren
Samand_Soren,image_153.jpg,dataset\Samand_Soren\image_153.jpg,https://divar.ir/s/tehran/car?q=Samand_Soren
Samand_Soren,image_154.jpg,dataset\Samand_Soren\image_154.jpg,https://divar.ir/s/tehran/car?q=Samand_Soren
Samand_Soren,image_155.jpg,dataset\Samand_Soren\image_155.jpg,https://divar.ir/s/tehran/car?q=Samand_Soren
Samand_Soren,image_156.jpg,dataset\Samand_Soren\image_156.jpg,https://divar.ir/s/tehran/car?q=Samand_Soren
Samand_Soren,image_157.jpg,dataset\Samand_Soren\image_157.jpg,https://divar.ir/s/tehran/car?q=Samand_Soren
Samand_Soren,image_158.jpg,dataset\Samand_Soren\image_158.jpg,https://divar.ir/s/tehran/car?q=Samand_Soren
Samand_Soren,image_159.jpg,dataset\Samand_Soren\image_159.jpg,https://divar.ir/s/tehran/car?q=Samand_Soren
Samand_Soren,image_160.jpg,dataset\Samand_Soren\image_160.jpg,https://divar.ir/s/tehran/car?q=Samand_Soren
Samand_Soren,image_161.jpg,dataset\Samand_Soren\image_161.jpg,https://divar.ir/s/tehran/car?q=Samand_Soren
Samand_Soren,image_162.jpg,dataset\Samand_Soren\image_162.jpg,https://divar.ir/s/tehran/car?q=Samand_Soren
Samand_Soren,image_163.jpg,dataset\Samand_Soren\image_163.jpg,https://divar.ir/s/tehran/car?q=Samand_Soren
Samand_Soren,image_164.jpg,dataset\Samand_Soren\image_164.jpg,https://divar.ir/s/tehran/car?q=Samand_Soren
Samand_Soren,image_165.jpg,dataset\Samand_Soren\image_165.jpg,https://divar.ir/s/tehran/car?q=Samand_Soren
Samand_Soren,image_166.jpg,dataset\Samand_Soren\image_166.jpg,https://divar.ir/s/tehran/car?q=Samand_Soren
Samand_Soren,image_167.jpg,dataset\Samand_Soren\image_167.jpg,https://divar.ir/s/tehran/car?q=Samand_Soren
Samand_Soren,image_168.jpg,dataset\Samand_Soren\image_168.jpg,https://divar.ir/s/tehran/car?q=Samand_Soren
Samand_Soren,image_169.jpg,dataset\Samand_Soren\image_169.jpg,https://divar.ir/s/tehran/car?q=Samand_Soren
Samand_Soren,image_170.jpg,dataset\Samand_Soren\image_170.jpg,https://divar.ir/s/tehran/car?q=Samand_Soren
Samand_Soren,image_171.jpg,dataset\Samand_Soren\image_171.jpg,https://divar.ir/s/tehran/car?q=Samand_Soren
Samand_Soren,image_172.jpg,dataset\Samand_Soren\image_172.jpg,https://divar.ir/s/tehran/car?q=Samand_Soren
Samand_Soren,image_173.jpg,dataset\Samand_Soren\image_173.jpg,https://divar.ir/s/tehran/car?q=Samand_Soren
Samand_Soren,image_174.jpg,dataset\Samand_Soren\image_174.jpg,https://divar.ir/s/tehran/car?q=Samand_Soren
Samand_Soren,image_175.jpg,dataset\Samand_Soren\image_175.jpg,https://divar.ir/s/tehran/car?q=Samand_Soren
Samand_Soren,image_176.jpg,dataset\Samand_Soren\image_176.jpg,https://divar.ir/s/tehran/car?q=Samand_Soren
Samand_Soren,image_177.jpg,dataset\Samand_Soren\image_177.jpg,https://divar.ir/s/tehran/car?q=Samand_Soren
Samand_Soren,image_178.jpg,dataset\Samand_Soren\image_178.jpg,https://divar.ir/s/tehran/car?q=Samand_Soren
Samand_Soren,image_179.jpg,dataset\Samand_Soren\image_179.jpg,https://divar.ir/s/tehran/car?q=Samand_Soren
Samand_Soren,image_180.jpg,dataset\Samand_Soren\image_180.jpg,https://divar.ir/s/tehran/car?q=Samand_Soren
Samand_Soren,image_181.jpg,dataset\Samand_Soren\image_181.jpg,https://divar.ir/s/tehran/car?q=Samand_Soren
Samand_Soren,image_182.jpg,dataset\Samand_Soren\image_182.jpg,https://divar.ir/s/tehran/car?q=Samand_Soren
Samand_Soren,image_183.jpg,dataset\Samand_Soren\image_183.jpg,https://divar.ir/s/tehran/car?q=Samand_Soren
Samand_Soren,image_184.jpg,dataset\Samand_Soren\image_184.jpg,https://divar.ir/s/tehran/car?q=Samand_Soren
Samand_Soren,image_185.jpg,dataset\Samand_Soren\image_185.jpg,https://divar.ir/s/tehran/car?q=Samand_Soren
Samand_Soren,image_186.jpg,dataset\Samand_Soren\image_186.jpg,https://divar.ir/s/tehran/car?q=Samand_Soren
Samand_Soren,image_187.jpg,dataset\Samand_Soren\image_187.jpg,https://divar.ir/s/tehran/car?q=Samand_Soren
Samand_Soren,image_188.jpg,dataset\Samand_Soren\image_188.jpg,https://divar.ir/s/tehran/car?q=Samand_Soren
Samand_Soren,image_189.jpg,dataset\Samand_Soren\image_189.jpg,https://divar.ir/s/tehran/car?q=Samand_Soren
Samand_Soren,image_190.jpg,dataset\Samand_Soren\image_190.jpg,https://divar.ir/s/tehran/car?q=Samand_Soren
Samand_Soren,image_191.jpg,dataset\Samand_Soren\image_191.jpg,https://divar.ir/s/tehran/car?q=Samand_Soren
Samand_Soren,image_192.jpg,dataset\Samand_Soren\image_192.jpg,https://divar.ir/s/tehran/car?q=Samand_Soren
Samand_Soren,image_193.jpg,dataset\Samand_Soren\image_193.jpg,https://divar.ir/s/tehran/car?q=Samand_Soren
Samand_Soren,image_194.jpg,dataset\Samand_Soren\image_194.jpg,https://divar.ir/s/tehran/car?q=Samand_Soren
Samand_Soren,image_195.jpg,dataset\Samand_Soren\image_195.jpg,https://divar.ir/s/tehran/car?q=Samand_Soren
Samand_Soren,image_196.jpg,dataset\Samand_Soren\image_196.jpg,https://divar.ir/s/tehran/car?q=Samand_Soren
Samand_Soren,image_197.jpg,dataset\Samand_Soren\image_197.jpg,https://divar.ir/s/tehran/car?q=Samand_Soren
Samand_Soren,image_198.jpg,dataset\Samand_Soren\image_198.jpg,https://divar.ir/s/tehran/car?q=Samand_Soren
Samand_Soren,image_199.jpg,dataset\Samand_Soren\image_199.jpg,https://divar.ir/s/tehran/car?q=Samand_Soren
Samand_Soren,image_200.jpg,dataset\Samand_Soren\image_200.jpg,https://divar.ir/s/tehran/car?q=Samand_Soren
Tara,image_1.jpg,dataset\Tara\image_1.jpg,https://divar.ir/s/tehran/car?q=tara
Tara,image_2.jpg,dataset\Tara\image_2.jpg,https://divar.ir/s/tehran/car?q=tara
Tara,image_3.jpg,dataset\Tara\image_3.jpg,https://divar.ir/s/tehran/car?q=tara
Tara,image_4.jpg,dataset\Tara\image_4.jpg,https://divar.ir/s/tehran/car?q=tara
Tara,image_5.jpg,dataset\Tara\image_5.jpg,https://divar.ir/s/tehran/car?q=tara
Tara,image_6.jpg,dataset\Tara\image_6.jpg,https://divar.ir/s/tehran/car?q=tara
Tara,image_7.jpg,dataset\Tara\image_7.jpg,https://divar.ir/s/tehran/car?q=tara
Tara,image_8.jpg,dataset\Tara\image_8.jpg,https://divar.ir/s/tehran/car?q=tara
Tara,image_9.jpg,dataset\Tara\image_9.jpg,https://divar.ir/s/tehran/car?q=tara
Tara,image_10.jpg,dataset\Tara\image_10.jpg,https://divar.ir/s/tehran/car?q=tara
Tara,image_11.jpg,dataset\Tara\image_11.jpg,https://divar.ir/s/tehran/car?q=tara
Tara,image_12.jpg,dataset\Tara\image_12.jpg,https://divar.ir/s/tehran/car?q=tara
Tara,image_13.jpg,dataset\Tara\image_13.jpg,https://divar.ir/s/tehran/car?q=tara
Tara,image_14.jpg,dataset\Tara\image_14.jpg,https://divar.ir/s/tehran/car?q=tara
Tara,image_15.jpg,dataset\Tara\image_15.jpg,https://divar.ir/s/tehran/car?q=tara
Tara,image_16.jpg,dataset\Tara\image_16.jpg,https://divar.ir/s/tehran/car?q=tara
Tara,image_17.jpg,dataset\Tara\image_17.jpg,https://divar.ir/s/tehran/car?q=tara
Tara,image_18.jpg,dataset\Tara\image_18.jpg,https://divar.ir/s/tehran/car?q=tara
Tara,image_19.jpg,dataset\Tara\image_19.jpg,https://divar.ir/s/tehran/car?q=tara
Tara,image_20.jpg,dataset\Tara\image_20.jpg,https://divar.ir/s/tehran/car?q=tara
Tara,image_21.jpg,dataset\Tara\image_21.jpg,https://divar.ir/s/tehran/car?q=tara
Tara,image_22.jpg,dataset\Tara\image_22.jpg,https://divar.ir/s/tehran/car?q=tara
Tara,image_23.jpg,dataset\Tara\image_23.jpg,https://divar.ir/s/tehran/car?q=tara
Tara,image_24.jpg,dataset\Tara\image_24.jpg,https://divar.ir/s/tehran/car?q=tara
Tara,image_25.jpg,dataset\Tara\image_25.jpg,https://divar.ir/s/tehran/car?q=tara
Tara,image_26.jpg,dataset\Tara\image_26.jpg,https://divar.ir/s/tehran/car?q=tara
Tara,image_27.jpg,dataset\Tara\image_27.jpg,https://divar.ir/s/tehran/car?q=tara
Tara,image_28.jpg,dataset\Tara\image_28.jpg,https://divar.ir/s/tehran/car?q=tara
Tara,image_29.jpg,dataset\Tara\image_29.jpg,https://divar.ir/s/tehran/car?q=tara
Tara,image_30.jpg,dataset\Tara\image_30.jpg,https://divar.ir/s/tehran/car?q=tara
Tara,image_31.jpg,dataset\Tara\image_31.jpg,https://divar.ir/s/tehran/car?q=tara
Tara,image_32.jpg,dataset\Tara\image_32.jpg,https://divar.ir/s/tehran/car?q=tara
Tara,image_33.jpg,dataset\Tara\image_33.jpg,https://divar.ir/s/tehran/car?q=tara
Tara,image_34.jpg,dataset\Tara\image_34.jpg,https://divar.ir/s/tehran/car?q=tara
Tara,image_35.jpg,dataset\Tara\image_35.jpg,https://divar.ir/s/tehran/car?q=tara
Tara,image_36.jpg,dataset\Tara\image_36.jpg,https://divar.ir/s/tehran/car?q=tara
Tara,image_37.jpg,dataset\Tara\image_37.jpg,https://divar.ir/s/tehran/car?q=tara
Tara,image_38.jpg,dataset\Tara\image_38.jpg,https://divar.ir/s/tehran/car?q=tara
Tara,image_39.jpg,dataset\Tara\image_39.jpg,https://divar.ir/s/tehran/car?q=tara
Tara,image_40.jpg,dataset\Tara\image_40.jpg,https://divar.ir/s/tehran/car?q=tara
Tara,image_41.jpg,dataset\Tara\image_41.jpg,https://divar.ir/s/tehran/car?q=tara
Tara,image_42.jpg,dataset\Tara\image_42.jpg,https://divar.ir/s/tehran/car?q=tara
Tara,image_43.jpg,dataset\Tara\image_43.jpg,https://divar.ir/s/tehran/car?q=tara
Tara,image_44.jpg,dataset\Tara\image_44.jpg,https://divar.ir/s/tehran/car?q=tara
Tara,image_45.jpg,dataset\Tara\image_45.jpg,https://divar.ir/s/tehran/car?q=tara
Tara,image_46.jpg,dataset\Tara\image_46.jpg,https://divar.ir/s/tehran/car?q=tara
Tara,image_47.jpg,dataset\Tara\image_47.jpg,https://divar.ir/s/tehran/car?q=tara
Tara,image_48.jpg,dataset\Tara\image_48.jpg,https://divar.ir/s/tehran/car?q=tara
Tara,image_49.jpg,dataset\Tara\image_49.jpg,https://divar.ir/s/tehran/car?q=tara
Tara,image_50.jpg,dataset\Tara\image_50.jpg,https://divar.ir/s/tehran/car?q=tara
Tara,image_51.jpg,dataset\Tara\image_51.jpg,https://divar.ir/s/tehran/car?q=tara
Tara,image_52.jpg,dataset\Tara\image_52.jpg,https://divar.ir/s/tehran/car?q=tara
Tara,image_53.jpg,dataset\Tara\image_53.jpg,https://divar.ir/s/tehran/car?q=tara
Tara,image_54.jpg,dataset\Tara\image_54.jpg,https://divar.ir/s/tehran/car?q=tara
Tara,image_55.jpg,dataset\Tara\image_55.jpg,https://divar.ir/s/tehran/car?q=tara
Tara,image_56.jpg,dataset\Tara\image_56.jpg,https://divar.ir/s/tehran/car?q=tara
Tara,image_57.jpg,dataset\Tara\image_57.jpg,https://divar.ir/s/tehran/car?q=tara
Tara,image_58.jpg,dataset\Tara\image_58.jpg,https://divar.ir/s/tehran/car?q=tara
Tara,image_59.jpg,dataset\Tara\image_59.jpg,https://divar.ir/s/tehran/car?q=tara
Tara,image_60.jpg,dataset\Tara\image_60.jpg,https://divar.ir/s/tehran/car?q=tara
Tara,image_61.jpg,dataset\Tara\image_61.jpg,https://divar.ir/s/tehran/car?q=tara
Tara,image_62.jpg,dataset\Tara\image_62.jpg,https://divar.ir/s/tehran/car?q=tara
Tara,image_63.jpg,dataset\Tara\image_63.jpg,https://divar.ir/s/tehran/car?q=tara
Tara,image_64.jpg,dataset\Tara\image_64.jpg,https://divar.ir/s/tehran/car?q=tara
Tara,image_65.jpg,dataset\Tara\image_65.jpg,https://divar.ir/s/tehran/car?q=tara
Tara,image_66.jpg,dataset\Tara\image_66.jpg,https://divar.ir/s/tehran/car?q=tara
Tara,image_67.jpg,dataset\Tara\image_67.jpg,https://divar.ir/s/tehran/car?q=tara
Tara,image_68.jpg,dataset\Tara\image_68.jpg,https://divar.ir/s/tehran/car?q=tara
Tara,image_69.jpg,dataset\Tara\image_69.jpg,https://divar.ir/s/tehran/car?q=tara
Tara,image_70.jpg,dataset\Tara\image_70.jpg,https://divar.ir/s/tehran/car?q=tara
Tara,image_71.jpg,dataset\Tara\image_71.jpg,https://divar.ir/s/tehran/car?q=tara
Tara,image_72.jpg,dataset\Tara\image_72.jpg,https://divar.ir/s/tehran/car?q=tara
Tara,image_73.jpg,dataset\Tara\image_73.jpg,https://divar.ir/s/tehran/car?q=tara
Tara,image_74.jpg,dataset\Tara\image_74.jpg,https://divar.ir/s/tehran/car?q=tara
Tara,image_75.jpg,dataset\Tara\image_75.jpg,https://divar.ir/s/tehran/car?q=tara
Tara,image_76.jpg,dataset\Tara\image_76.jpg,https://divar.ir/s/tehran/car?q=tara
Tara,image_77.jpg,dataset\Tara\image_77.jpg,https://divar.ir/s/tehran/car?q=tara
Tara,image_78.jpg,dataset\Tara\image_78.jpg,https://divar.ir/s/tehran/car?q=tara
Tara,image_79.jpg,dataset\Tara\image_79.jpg,https://divar.ir/s/tehran/car?q=tara
Tara,image_80.jpg,dataset\Tara\image_80.jpg,https://divar.ir/s/tehran/car?q=tara
Tara,image_81.jpg,dataset\Tara\image_81.jpg,https://divar.ir/s/tehran/car?q=tara
Tara,image_82.jpg,dataset\Tara\image_82.jpg,https://divar.ir/s/tehran/car?q=tara
Tara,image_83.jpg,dataset\Tara\image_83.jpg,https://divar.ir/s/tehran/car?q=tara
Tara,image_84.jpg,dataset\Tara\image_84.jpg,https://divar.ir/s/tehran/car?q=tara
Tara,image_85.jpg,dataset\Tara\image_85.jpg,https://divar.ir/s/tehran/car?q=tara
Tara,image_86.jpg,dataset\Tara\image_86.jpg,https://divar.ir/s/tehran/car?q=tara
Tara,image_87.jpg,dataset\Tara\image_87.jpg,https://divar.ir/s/tehran/car?q=tara
Tara,image_88.jpg,dataset\Tara\image_88.jpg,https://divar.ir/s/tehran/car?q=tara
Tara,image_89.jpg,dataset\Tara\image_89.jpg,https://divar.ir/s/tehran/car?q=tara
Tara,image_90.jpg,dataset\Tara\image_90.jpg,https://divar.ir/s/tehran/car?q=tara
Tara,image_91.jpg,dataset\Tara\image_91.jpg,https://divar.ir/s/tehran/car?q=tara
Tara,image_92.jpg,dataset\Tara\image_92.jpg,https://divar.ir/s/tehran/car?q=tara
Tara,image_93.jpg,dataset\Tara\image_93.jpg,https://divar.ir/s/tehran/car?q=tara
Tara,image_94.jpg,dataset\Tara\image_94.jpg,https://divar.ir/s/tehran/car?q=tara
Tara,image_95.jpg,dataset\Tara\image_95.jpg,https://divar.ir/s/tehran/car?q=tara
Tara,image_96.jpg,dataset\Tara\image_96.jpg,https://divar.ir/s/tehran/car?q=tara
Tara,image_97.jpg,dataset\Tara\image_97.jpg,https://divar.ir/s/tehran/car?q=tara
Tara,image_98.jpg,dataset\Tara\image_98.jpg,https://divar.ir/s/tehran/car?q=tara
Tara,image_99.jpg,dataset\Tara\image_99.jpg,https://divar.ir/s/tehran/car?q=tara
Tara,image_100.jpg,dataset\Tara\image_100.jpg,https://divar.ir/s/tehran/car?q=tara
Tara,image_101.jpg,dataset\Tara\image_101.jpg,https://divar.ir/s/tehran/car?q=tara
Tara,image_102.jpg,dataset\Tara\image_102.jpg,https://divar.ir/s/tehran/car?q=tara
Tara,image_103.jpg,dataset\Tara\image_103.jpg,https://divar.ir/s/tehran/car?q=tara
Tara,image_104.jpg,dataset\Tara\image_104.jpg,https://divar.ir/s/tehran/car?q=tara
Tara,image_105.jpg,dataset\Tara\image_105.jpg,https://divar.ir/s/tehran/car?q=tara
Tara,image_106.jpg,dataset\Tara\image_106.jpg,https://divar.ir/s/tehran/car?q=tara
Tara,image_107.jpg,dataset\Tara\image_107.jpg,https://divar.ir/s/tehran/car?q=tara
Tara,image_108.jpg,dataset\Tara\image_108.jpg,https://divar.ir/s/tehran/car?q=tara
Tara,image_109.jpg,dataset\Tara\image_109.jpg,https://divar.ir/s/tehran/car?q=tara
Tara,image_110.jpg,dataset\Tara\image_110.jpg,https://divar.ir/s/tehran/car?q=tara
Tara,image_111.jpg,dataset\Tara\image_111.jpg,https://divar.ir/s/tehran/car?q=tara
Tara,image_112.jpg,dataset\Tara\image_112.jpg,https://divar.ir/s/tehran/car?q=tara
Tara,image_113.jpg,dataset\Tara\image_113.jpg,https://divar.ir/s/tehran/car?q=tara
Tara,image_114.jpg,dataset\Tara\image_114.jpg,https://divar.ir/s/tehran/car?q=tara
Tara,image_115.jpg,dataset\Tara\image_115.jpg,https://divar.ir/s/tehran/car?q=tara
Tara,image_116.jpg,dataset\Tara\image_116.jpg,https://divar.ir/s/tehran/car?q=tara
Tara,image_117.jpg,dataset\Tara\image_117.jpg,https://divar.ir/s/tehran/car?q=tara
Tara,image_118.jpg,dataset\Tara\image_118.jpg,https://divar.ir/s/tehran/car?q=tara
Tara,image_119.jpg,dataset\Tara\image_119.jpg,https://divar.ir/s/tehran/car?q=tara
Tara,image_120.jpg,dataset\Tara\image_120.jpg,https://divar.ir/s/tehran/car?q=tara
Tara,image_121.jpg,dataset\Tara\image_121.jpg,https://divar.ir/s/tehran/car?q=tara
Tara,image_122.jpg,dataset\Tara\image_122.jpg,https://divar.ir/s/tehran/car?q=tara
Tara,image_123.jpg,dataset\Tara\image_123.jpg,https://divar.ir/s/tehran/car?q=tara
Tara,image_124.jpg,dataset\Tara\image_124.jpg,https://divar.ir/s/tehran/car?q=tara
Tara,image_125.jpg,dataset\Tara\image_125.jpg,https://divar.ir/s/tehran/car?q=tara
Tara,image_126.jpg,dataset\Tara\image_126.jpg,https://divar.ir/s/tehran/car?q=tara
Tara,image_127.jpg,dataset\Tara\image_127.jpg,https://divar.ir/s/tehran/car?q=tara
Tara,image_128.jpg,dataset\Tara\image_128.jpg,https://divar.ir/s/tehran/car?q=tara
Tara,image_129.jpg,dataset\Tara\image_129.jpg,https://divar.ir/s/tehran/car?q=tara
Tara,image_130.jpg,dataset\Tara\image_130.jpg,https://divar.ir/s/tehran/car?q=tara
Tara,image_131.jpg,dataset\Tara\image_131.jpg,https://divar.ir/s/tehran/car?q=tara
Tara,image_132.jpg,dataset\Tara\image_132.jpg,https://divar.ir/s/tehran/car?q=tara
Tara,image_133.jpg,dataset\Tara\image_133.jpg,https://divar.ir/s/tehran/car?q=tara
Tara,image_134.jpg,dataset\Tara\image_134.jpg,https://divar.ir/s/tehran/car?q=tara
Tara,image_135.jpg,dataset\Tara\image_135.jpg,https://divar.ir/s/tehran/car?q=tara
Tara,image_136.jpg,dataset\Tara\image_136.jpg,https://divar.ir/s/tehran/car?q=tara
Tara,image_137.jpg,dataset\Tara\image_137.jpg,https://divar.ir/s/tehran/car?q=tara
Tara,image_138.jpg,dataset\Tara\image_138.jpg,https://divar.ir/s/tehran/car?q=tara
Tara,image_139.jpg,dataset\Tara\image_139.jpg,https://divar.ir/s/tehran/car?q=tara
Tara,image_140.jpg,dataset\Tara\image_140.jpg,https://divar.ir/s/tehran/car?q=tara
Tara,image_141.jpg,dataset\Tara\image_141.jpg,https://divar.ir/s/tehran/car?q=tara
Tara,image_142.jpg,dataset\Tara\image_142.jpg,https://divar.ir/s/tehran/car?q=tara
Tara,image_143.jpg,dataset\Tara\image_143.jpg,https://divar.ir/s/tehran/car?q=tara
Tara,image_144.jpg,dataset\Tara\image_144.jpg,https://divar.ir/s/tehran/car?q=tara
Tara,image_145.jpg,dataset\Tara\image_145.jpg,https://divar.ir/s/tehran/car?q=tara
Tara,image_146.jpg,dataset\Tara\image_146.jpg,https://divar.ir/s/tehran/car?q=tara
Tara,image_147.jpg,dataset\Tara\image_147.jpg,https://divar.ir/s/tehran/car?q=tara
Tara,image_148.jpg,dataset\Tara\image_148.jpg,https://divar.ir/s/tehran/car?q=tara
Tara,image_149.jpg,dataset\Tara\image_149.jpg,https://divar.ir/s/tehran/car?q=tara
Tara,image_150.jpg,dataset\Tara\image_150.jpg,https://divar.ir/s/tehran/car?q=tara
Tara,image_151.jpg,dataset\Tara\image_151.jpg,https://divar.ir/s/tehran/car?q=tara
Tara,image_152.jpg,dataset\Tara\image_152.jpg,https://divar.ir/s/tehran/car?q=tara
Tara,image_153.jpg,dataset\Tara\image_153.jpg,https://divar.ir/s/tehran/car?q=tara
Tara,image_154.jpg,dataset\Tara\image_154.jpg,https://divar.ir/s/tehran/car?q=tara
Tara,image_155.jpg,dataset\Tara\image_155.jpg,https://divar.ir/s/tehran/car?q=tara
Tara,image_156.jpg,dataset\Tara\image_156.jpg,https://divar.ir/s/tehran/car?q=tara
Tara,image_157.jpg,dataset\Tara\image_157.jpg,https://divar.ir/s/tehran/car?q=tara
Tara,image_158.jpg,dataset\Tara\image_158.jpg,https://divar.ir/s/tehran/car?q=tara
Tara,image_159.jpg,dataset\Tara\image_159.jpg,https://divar.ir/s/tehran/car?q=tara
Tara,image_160.jpg,dataset\Tara\image_160.jpg,https://divar.ir/s/tehran/car?q=tara
Tara,image_161.jpg,dataset\Tara\image_161.jpg,https://divar.ir/s/tehran/car?q=tara
Tara,image_162.jpg,dataset\Tara\image_162.jpg,https://divar.ir/s/tehran/car?q=tara
Tara,image_163.jpg,dataset\Tara\image_163.jpg,https://divar.ir/s/tehran/car?q=tara
Tara,image_164.jpg,dataset\Tara\image_164.jpg,https://divar.ir/s/tehran/car?q=tara
Tara,image_165.jpg,dataset\Tara\image_165.jpg,https://divar.ir/s/tehran/car?q=tara
Tara,image_166.jpg,dataset\Tara\image_166.jpg,https://divar.ir/s/tehran/car?q=tara
Tara,image_167.jpg,dataset\Tara\image_167.jpg,https://divar.ir/s/tehran/car?q=tara
Tara,image_168.jpg,dataset\Tara\image_168.jpg,https://divar.ir/s/tehran/car?q=tara
Tara,image_169.jpg,dataset\Tara\image_169.jpg,https://divar.ir/s/tehran/car?q=tara
Tara,image_170.jpg,dataset\Tara\image_170.jpg,https://divar.ir/s/tehran/car?q=tara
Tara,image_171.jpg,dataset\Tara\image_171.jpg,https://divar.ir/s/tehran/car?q=tara
Tara,image_172.jpg,dataset\Tara\image_172.jpg,https://divar.ir/s/tehran/car?q=tara
Tara,image_173.jpg,dataset\Tara\image_173.jpg,https://divar.ir/s/tehran/car?q=tara
Tara,image_174.jpg,dataset\Tara\image_174.jpg,https://divar.ir/s/tehran/car?q=tara
Tara,image_175.jpg,dataset\Tara\image_175.jpg,https://divar.ir/s/tehran/car?q=tara
Tara,image_176.jpg,dataset\Tara\image_176.jpg,https://divar.ir/s/tehran/car?q=tara
Tara,image_177.jpg,dataset\Tara\image_177.jpg,https://divar.ir/s/tehran/car?q=tara
Tara,image_178.jpg,dataset\Tara\image_178.jpg,https://divar.ir/s/tehran/car?q=tara
Tara,image_179.jpg,dataset\Tara\image_179.jpg,https://divar.ir/s/tehran/car?q=tara
Tara,image_180.jpg,dataset\Tara\image_180.jpg,https://divar.ir/s/tehran/car?q=tara
Tara,image_181.jpg,dataset\Tara\image_181.jpg,https://divar.ir/s/tehran/car?q=tara
Tara,image_182.jpg,dataset\Tara\image_182.jpg,https://divar.ir/s/tehran/car?q=tara
Tara,image_183.jpg,dataset\Tara\image_183.jpg,https://divar.ir/s/tehran/car?q=tara
Tara,image_184.jpg,dataset\Tara\image_184.jpg,https://divar.ir/s/tehran/car?q=tara
Tara,image_185.jpg,dataset\Tara\image_185.jpg,https://divar.ir/s/tehran/car?q=tara
Tara,image_186.jpg,dataset\Tara\image_186.jpg,https://divar.ir/s/tehran/car?q=tara
Tara,image_187.jpg,dataset\Tara\image_187.jpg,https://divar.ir/s/tehran/car?q=tara
Tara,image_188.jpg,dataset\Tara\image_188.jpg,https://divar.ir/s/tehran/car?q=tara
Tara,image_189.jpg,dataset\Tara\image_189.jpg,https://divar.ir/s/tehran/car?q=tara
Tara,image_190.jpg,dataset\Tara\image_190.jpg,https://divar.ir/s/tehran/car?q=tara
Tara,image_191.jpg,dataset\Tara\image_191.jpg,https://divar.ir/s/tehran/car?q=tara
Tara,image_192.jpg,dataset\Tara\image_192.jpg,https://divar.ir/s/tehran/car?q=tara
Tara,image_193.jpg,dataset\Tara\image_193.jpg,https://divar.ir/s/tehran/car?q=tara
Tara,image_194.jpg,dataset\Tara\image_194.jpg,https://divar.ir/s/tehran/car?q=tara
Tara,image_195.jpg,dataset\Tara\image_195.jpg,https://divar.ir/s/tehran/car?q=tara
Tara,image_196.jpg,dataset\Tara\image_196.jpg,https://divar.ir/s/tehran/car?q=tara
Tara,image_197.jpg,dataset\Tara\image_197.jpg,https://divar.ir/s/tehran/car?q=tara
Tara,image_198.jpg,dataset\Tara\image_198.jpg,https://divar.ir/s/tehran/car?q=tara
Tara,image_199.jpg,dataset\Tara\image_199.jpg,https://divar.ir/s/tehran/car?q=tara
Tara,image_200.jpg,dataset\Tara\image_200.jpg,https://divar.ir/s/tehran/car?q=tara
